lat,long,sample_name,TOAGE,FROMAGE,OnlyCooling,TempDiff,Region,Sub-Region,,,,,
54.19722222,89.51333333,TV-78,300,300.999,#N/A,#N/A,7,25,,,,,
54.19722222,89.51333333,TV-78,299,299.999,#N/A,#N/A,7,25,,,,,
54.19722222,89.51333333,TV-78,298,298.999,#N/A,#N/A,7,25,,,,,
54.19722222,89.51333333,TV-78,297,297.999,#N/A,#N/A,7,25,,,,,
54.19722222,89.51333333,TV-78,296,296.999,#N/A,#N/A,7,25,,,,,
54.19722222,89.51333333,TV-78,295,295.999,#N/A,#N/A,7,25,,,,,
54.19722222,89.51333333,TV-78,294,294.999,#N/A,#N/A,7,25,,,,,
54.19722222,89.51333333,TV-78,293,293.999,#N/A,#N/A,7,25,,,,,
54.19722222,89.51333333,TV-78,292,292.999,#N/A,#N/A,7,25,,,,,
54.19722222,89.51333333,TV-78,291,291.999,#N/A,#N/A,7,25,,,,,
54.19722222,89.51333333,TV-78,290,290.999,#N/A,#N/A,7,25,,,,,
54.19722222,89.51333333,TV-78,289,289.999,#N/A,#N/A,7,25,,,,,
54.19722222,89.51333333,TV-78,288,288.999,#N/A,#N/A,7,25,,,,,
54.19722222,89.51333333,TV-78,287,287.999,#N/A,#N/A,7,25,,,,,
54.19722222,89.51333333,TV-78,286,286.999,#N/A,#N/A,7,25,,,,,
54.19722222,89.51333333,TV-78,285,285.999,#N/A,#N/A,7,25,,,,,
54.19722222,89.51333333,TV-78,284,284.999,#N/A,#N/A,7,25,,,,,
54.19722222,89.51333333,TV-78,283,283.999,#N/A,#N/A,7,25,,,,,
54.19722222,89.51333333,TV-78,282,282.999,#N/A,#N/A,7,25,,,,,
54.19722222,89.51333333,TV-78,281,281.999,#N/A,#N/A,7,25,,,,,
54.19722222,89.51333333,TV-78,280,280.999,#N/A,#N/A,7,25,,,,,
54.19722222,89.51333333,TV-78,279,279.999,#N/A,#N/A,7,25,,,,,
54.19722222,89.51333333,TV-78,278,278.999,#N/A,#N/A,7,25,,,,,
54.19722222,89.51333333,TV-78,277,277.999,#N/A,#N/A,7,25,,,,,
54.19722222,89.51333333,TV-78,276,276.999,#N/A,#N/A,7,25,,,,,
54.19722222,89.51333333,TV-78,275,275.999,#N/A,#N/A,7,25,,,,,
54.19722222,89.51333333,TV-78,274,274.999,#N/A,#N/A,7,25,,,,,
54.19722222,89.51333333,TV-78,273,273.999,#N/A,#N/A,7,25,,,,,
54.19722222,89.51333333,TV-78,272,272.999,#N/A,#N/A,7,25,,,,,
54.19722222,89.51333333,TV-78,271,271.999,#N/A,#N/A,7,25,,,,,
54.19722222,89.51333333,TV-78,270,270.999,#N/A,#N/A,7,25,,,,,
54.19722222,89.51333333,TV-78,269,269.999,#N/A,#N/A,7,25,,,,,
54.19722222,89.51333333,TV-78,268,268.999,#N/A,#N/A,7,25,,,,,
54.19722222,89.51333333,TV-78,267,267.999,#N/A,#N/A,7,25,,,,,
54.19722222,89.51333333,TV-78,266,266.999,#N/A,#N/A,7,25,,,,,
54.19722222,89.51333333,TV-78,265,265.999,#N/A,#N/A,7,25,,,,,
54.19722222,89.51333333,TV-78,264,264.999,#N/A,#N/A,7,25,,,,,
54.19722222,89.51333333,TV-78,263,263.999,#N/A,#N/A,7,25,,,,,
54.19722222,89.51333333,TV-78,262,262.999,#N/A,#N/A,7,25,,,,,
54.19722222,89.51333333,TV-78,261,261.999,#N/A,#N/A,7,25,,,,,
54.19722222,89.51333333,TV-78,260,260.999,#N/A,#N/A,7,25,,,,,
54.19722222,89.51333333,TV-78,259,259.999,#N/A,#N/A,7,25,,,,,
54.19722222,89.51333333,TV-78,258,258.999,#N/A,#N/A,7,25,,,,,
54.19722222,89.51333333,TV-78,257,257.999,#N/A,#N/A,7,25,,,,,
54.19722222,89.51333333,TV-78,256,256.999,#N/A,#N/A,7,25,,,,,
54.19722222,89.51333333,TV-78,255,255.999,#N/A,#N/A,7,25,,,,,
54.19722222,89.51333333,TV-78,254,254.999,#N/A,#N/A,7,25,,,,,
54.19722222,89.51333333,TV-78,253,253.999,#N/A,#N/A,7,25,,,,,
54.19722222,89.51333333,TV-78,252,252.999,#N/A,#N/A,7,25,,,,,
54.19722222,89.51333333,TV-78,251,251.999,#N/A,#N/A,7,25,,,,,
54.19722222,89.51333333,TV-78,250,250.999,#N/A,#N/A,7,25,,,,,
54.19722222,89.51333333,TV-78,249,249.999,#N/A,#N/A,7,25,,,,,
54.19722222,89.51333333,TV-78,248,248.999,#N/A,#N/A,7,25,,,,,
54.19722222,89.51333333,TV-78,247,247.999,#N/A,#N/A,7,25,,,,,
54.19722222,89.51333333,TV-78,246,246.999,#N/A,#N/A,7,25,,,,,
54.19722222,89.51333333,TV-78,245,245.999,#N/A,#N/A,7,25,,,,,
54.19722222,89.51333333,TV-78,244,244.999,#N/A,#N/A,7,25,,,,,
54.19722222,89.51333333,TV-78,243,243.999,#N/A,#N/A,7,25,,,,,
54.19722222,89.51333333,TV-78,242,242.999,#N/A,#N/A,7,25,,,,,
54.19722222,89.51333333,TV-78,241,241.999,#N/A,#N/A,7,25,,,,,
54.19722222,89.51333333,TV-78,240,240.999,#N/A,#N/A,7,25,,,,,
54.19722222,89.51333333,TV-78,239,239.999,#N/A,#N/A,7,25,,,,,
54.19722222,89.51333333,TV-78,238,238.999,#N/A,#N/A,7,25,,,,,
54.19722222,89.51333333,TV-78,237,237.999,#N/A,#N/A,7,25,,,,,
54.19722222,89.51333333,TV-78,236,236.999,#N/A,#N/A,7,25,,,,,
54.19722222,89.51333333,TV-78,235,235.999,#N/A,#N/A,7,25,,,,,
54.19722222,89.51333333,TV-78,234,234.999,#N/A,#N/A,7,25,,,,,
54.19722222,89.51333333,TV-78,233,233.999,#N/A,#N/A,7,25,,,,,
54.19722222,89.51333333,TV-78,232,232.999,#N/A,#N/A,7,25,,,,,
54.19722222,89.51333333,TV-78,231,231.999,#N/A,#N/A,7,25,,,,,
54.19722222,89.51333333,TV-78,230,230.999,#N/A,#N/A,7,25,,,,,
54.19722222,89.51333333,TV-78,229,229.999,#N/A,#N/A,7,25,,,,,
54.19722222,89.51333333,TV-78,228,228.999,#N/A,#N/A,7,25,,,,,
54.19722222,89.51333333,TV-78,227,227.999,#N/A,#N/A,7,25,,,,,
54.19722222,89.51333333,TV-78,226,226.999,#N/A,#N/A,7,25,,,,,
54.19722222,89.51333333,TV-78,225,225.999,#N/A,#N/A,7,25,,,,,
54.19722222,89.51333333,TV-78,224,224.999,#N/A,#N/A,7,25,,,,,
54.19722222,89.51333333,TV-78,223,223.999,#N/A,#N/A,7,25,,,,,
54.19722222,89.51333333,TV-78,222,222.999,#N/A,#N/A,7,25,,,,,
54.19722222,89.51333333,TV-78,221,221.999,#N/A,#N/A,7,25,,,,,
54.19722222,89.51333333,TV-78,220,220.999,#N/A,#N/A,7,25,,,,,
54.19722222,89.51333333,TV-78,219,219.999,#N/A,#N/A,7,25,,,,,
54.19722222,89.51333333,TV-78,218,218.999,#N/A,#N/A,7,25,,,,,
54.19722222,89.51333333,TV-78,217,217.999,#N/A,#N/A,7,25,,,,,
54.19722222,89.51333333,TV-78,216,216.999,#N/A,#N/A,7,25,,,,,
54.19722222,89.51333333,TV-78,215,215.999,#N/A,#N/A,7,25,,,,,
54.19722222,89.51333333,TV-78,214,214.999,#N/A,#N/A,7,25,,,,,
54.19722222,89.51333333,TV-78,213,213.999,#N/A,#N/A,7,25,,,,,
54.19722222,89.51333333,TV-78,212,212.999,#N/A,#N/A,7,25,,,,,
54.19722222,89.51333333,TV-78,211,211.999,#N/A,#N/A,7,25,,,,,
54.19722222,89.51333333,TV-78,210,210.999,#N/A,#N/A,7,25,,,,,
54.19722222,89.51333333,TV-78,209,209.999,#N/A,#N/A,7,25,,,,,
54.19722222,89.51333333,TV-78,208,208.999,#N/A,#N/A,7,25,,,,,
54.19722222,89.51333333,TV-78,207,207.999,#N/A,#N/A,7,25,,,,,
54.19722222,89.51333333,TV-78,206,206.999,#N/A,#N/A,7,25,,,,,
54.19722222,89.51333333,TV-78,205,205.999,#N/A,#N/A,7,25,,,,,
54.19722222,89.51333333,TV-78,204,204.999,#N/A,#N/A,7,25,,,,,
54.19722222,89.51333333,TV-78,203,203.999,#N/A,#N/A,7,25,,,,,
54.19722222,89.51333333,TV-78,202,202.999,#N/A,#N/A,7,25,,,,,
54.19722222,89.51333333,TV-78,201,201.999,#N/A,#N/A,7,25,,,,,
54.19722222,89.51333333,TV-78,200,200.999,#N/A,#N/A,7,25,,,,,
54.19722222,89.51333333,TV-78,199,199.999,#N/A,#N/A,7,25,,,,,
54.19722222,89.51333333,TV-78,198,198.999,#N/A,#N/A,7,25,,,,,
54.19722222,89.51333333,TV-78,197,197.999,#N/A,#N/A,7,25,,,,,
54.19722222,89.51333333,TV-78,196,196.999,#N/A,#N/A,7,25,,,,,
54.19722222,89.51333333,TV-78,195,195.999,#N/A,#N/A,7,25,,,,,
54.19722222,89.51333333,TV-78,194,194.999,#N/A,#N/A,7,25,,,,,
54.19722222,89.51333333,TV-78,193,193.999,#N/A,#N/A,7,25,,,,,
54.19722222,89.51333333,TV-78,192,192.999,#N/A,#N/A,7,25,,,,,
54.19722222,89.51333333,TV-78,191,191.999,#N/A,#N/A,7,25,,,,,
54.19722222,89.51333333,TV-78,190,190.999,#N/A,#N/A,7,25,,,,,
54.19722222,89.51333333,TV-78,189,189.999,#N/A,#N/A,7,25,,,,,
54.19722222,89.51333333,TV-78,188,188.999,#N/A,#N/A,7,25,,,,,
54.19722222,89.51333333,TV-78,187,187.999,#N/A,#N/A,7,25,,,,,
54.19722222,89.51333333,TV-78,186,186.999,#N/A,#N/A,7,25,,,,,
54.19722222,89.51333333,TV-78,185,185.999,#N/A,#N/A,7,25,,,,,
54.19722222,89.51333333,TV-78,184,184.999,#N/A,#N/A,7,25,,,,,
54.19722222,89.51333333,TV-78,183,183.999,#N/A,#N/A,7,25,,,,,
54.19722222,89.51333333,TV-78,182,182.999,#N/A,#N/A,7,25,,,,,
54.19722222,89.51333333,TV-78,181,181.999,#N/A,#N/A,7,25,,,,,
54.19722222,89.51333333,TV-78,180,180.999,#N/A,#N/A,7,25,,,,,
54.19722222,89.51333333,TV-78,179,179.999,#N/A,#N/A,7,25,,,,,
54.19722222,89.51333333,TV-78,178,178.999,#N/A,#N/A,7,25,,,,,
54.19722222,89.51333333,TV-78,177,177.999,#N/A,#N/A,7,25,,,,,
54.19722222,89.51333333,TV-78,176,176.999,#N/A,#N/A,7,25,,,,,
54.19722222,89.51333333,TV-78,175,175.999,#N/A,#N/A,7,25,,,,,
54.19722222,89.51333333,TV-78,174,174.999,#N/A,#N/A,7,25,,,,,
54.19722222,89.51333333,TV-78,173,173.999,#N/A,#N/A,7,25,,,,,
54.19722222,89.51333333,TV-78,172,172.999,#N/A,#N/A,7,25,,,,,
54.19722222,89.51333333,TV-78,171,171.999,#N/A,#N/A,7,25,,,,,
54.19722222,89.51333333,TV-78,170,170.999,#N/A,#N/A,7,25,,,,,
54.19722222,89.51333333,TV-78,169,169.999,#N/A,#N/A,7,25,,,,,
54.19722222,89.51333333,TV-78,168,168.999,#N/A,#N/A,7,25,,,,,
54.19722222,89.51333333,TV-78,167,167.999,#N/A,#N/A,7,25,,,,,
54.19722222,89.51333333,TV-78,166,166.999,#N/A,#N/A,7,25,,,,,
54.19722222,89.51333333,TV-78,165,165.999,#N/A,#N/A,7,25,,,,,
54.19722222,89.51333333,TV-78,164,164.999,#N/A,#N/A,7,25,,,,,
54.19722222,89.51333333,TV-78,163,163.999,#N/A,#N/A,7,25,,,,,
54.19722222,89.51333333,TV-78,162,162.999,#N/A,#N/A,7,25,,,,,
54.19722222,89.51333333,TV-78,161,161.999,#N/A,#N/A,7,25,,,,,
54.19722222,89.51333333,TV-78,160,160.999,#N/A,#N/A,7,25,,,,,
54.19722222,89.51333333,TV-78,159,159.999,#N/A,#N/A,7,25,,,,,
54.19722222,89.51333333,TV-78,158,158.999,#N/A,#N/A,7,25,,,,,
54.19722222,89.51333333,TV-78,157,157.999,#N/A,#N/A,7,25,,,,,
54.19722222,89.51333333,TV-78,156,156.999,#N/A,#N/A,7,25,,,,,
54.19722222,89.51333333,TV-78,155,155.999,#N/A,#N/A,7,25,,,,,
54.19722222,89.51333333,TV-78,154,154.999,#N/A,#N/A,7,25,,,,,
54.19722222,89.51333333,TV-78,153,153.999,#N/A,#N/A,7,25,,,,,
54.19722222,89.51333333,TV-78,152,152.999,#N/A,#N/A,7,25,,,,,
54.19722222,89.51333333,TV-78,151,151.999,#N/A,#N/A,7,25,,,,,
54.19722222,89.51333333,TV-78,150,150.999,148.2855,1.544425277,7,25,,,,,
54.19722222,89.51333333,TV-78,149,149.999,146.7410747,1.547705679,7,25,,,,,
54.19722222,89.51333333,TV-78,148,148.999,145.193369,1.547705679,7,25,,,,,
54.19722222,89.51333333,TV-78,147,147.999,143.6456634,1.547705679,7,25,,,,,
54.19722222,89.51333333,TV-78,146,146.999,142.0979577,1.547705679,7,25,,,,,
54.19722222,89.51333333,TV-78,145,145.999,140.550252,1.547705679,7,25,,,,,
54.19722222,89.51333333,TV-78,144,144.999,139.0025463,1.547705679,7,25,,,,,
54.19722222,89.51333333,TV-78,143,143.999,137.4548407,1.547705679,7,25,,,,,
54.19722222,89.51333333,TV-78,142,142.999,135.907135,1.547705679,7,25,,,,,
54.19722222,89.51333333,TV-78,141,141.999,134.3594293,1.547705679,7,25,,,,,
54.19722222,89.51333333,TV-78,140,140.999,132.8117236,1.547705679,7,25,,,,,
54.19722222,89.51333333,TV-78,139,139.999,131.2640179,1.547705679,7,25,,,,,
54.19722222,89.51333333,TV-78,138,138.999,129.7163123,1.547705679,7,25,,,,,
54.19722222,89.51333333,TV-78,137,137.999,128.1686066,1.547705679,7,25,,,,,
54.19722222,89.51333333,TV-78,136,136.999,126.6209009,1.547705679,7,25,,,,,
54.19722222,89.51333333,TV-78,135,135.999,125.0731952,1.547705679,7,25,,,,,
54.19722222,89.51333333,TV-78,134,134.999,123.5254895,1.547705679,7,25,,,,,
54.19722222,89.51333333,TV-78,133,133.999,121.9777839,1.547705679,7,25,,,,,
54.19722222,89.51333333,TV-78,132,132.999,120.4300782,1.547705679,7,25,,,,,
54.19722222,89.51333333,TV-78,131,131.999,118.8823725,1.547705679,7,25,,,,,
54.19722222,89.51333333,TV-78,130,130.999,117.3346668,1.547705679,7,25,,,,,
54.19722222,89.51333333,TV-78,129,129.999,115.7869611,1.547705679,7,25,,,,,
54.19722222,89.51333333,TV-78,128,128.999,114.2392555,1.547705679,7,25,,,,,
54.19722222,89.51333333,TV-78,127,127.999,112.6915498,1.547705679,7,25,,,,,
54.19722222,89.51333333,TV-78,126,126.999,111.1438441,1.547705679,7,25,,,,,
54.19722222,89.51333333,TV-78,125,125.999,109.5961384,1.547705679,7,25,,,,,
54.19722222,89.51333333,TV-78,124,124.999,108.0484328,1.547705679,7,25,,,,,
54.19722222,89.51333333,TV-78,123,123.999,106.5007271,1.547705679,7,25,,,,,
54.19722222,89.51333333,TV-78,122,122.999,104.9530214,1.547705679,7,25,,,,,
54.19722222,89.51333333,TV-78,121,121.999,103.4053157,1.677401247,7,25,,,,,
54.19722222,89.51333333,TV-78,120,120.999,101.7279145,1.711649009,7,25,,,,,
54.19722222,89.51333333,TV-78,119,119.999,100.0162655,1.711649009,7,25,,,,,
54.19722222,89.51333333,TV-78,118,118.999,98.30461645,1.711649009,7,25,,,,,
54.19722222,89.51333333,TV-78,117,117.999,96.59296744,1.803785631,7,25,,,,,
54.19722222,89.51333333,TV-78,116,116.999,94.78918181,1.812698167,7,25,,,,,
54.19722222,89.51333333,TV-78,115,115.999,92.97648364,1.835337482,7,25,,,,,
54.19722222,89.51333333,TV-78,114,114.999,91.14114616,1.921623265,7,25,,,,,
54.19722222,89.51333333,TV-78,113,113.999,89.2195229,2.014680105,7,25,,,,,
54.19722222,89.51333333,TV-78,112,112.999,87.20484279,2.045915936,7,25,,,,,
54.19722222,89.51333333,TV-78,111,111.999,85.15892686,2.165650771,7,25,,,,,
54.19722222,89.51333333,TV-78,110,110.999,82.99327608,2.275935868,7,25,,,,,
54.19722222,89.51333333,TV-78,109,109.999,80.71734022,2.372370727,7,25,,,,,
54.19722222,89.51333333,TV-78,108,108.999,78.34496949,2.592706843,7,25,,,,,
54.19722222,89.51333333,TV-78,107,107.999,75.75226265,2.683623893,7,25,,,,,
54.19722222,89.51333333,TV-78,106,106.999,73.06863875,3.223101517,7,25,,,,,
54.19722222,89.51333333,TV-78,105,105.999,69.84553724,3.246517908,7,25,,,,,
54.19722222,89.51333333,TV-78,104,104.999,66.59901933,3.136855543,7,25,,,,,
54.19722222,89.51333333,TV-78,103,103.999,63.46216379,1.354629843,7,25,,,,,
54.19722222,89.51333333,TV-78,102,102.999,62.10753394,0.636798654,7,25,,,,,
54.19722222,89.51333333,TV-78,101,101.999,61.47073529,0.44534785,7,25,,,,,
54.19722222,89.51333333,TV-78,100,100.999,61.02538744,0.36711165,7,25,,,,,
54.19722222,89.51333333,TV-78,99,99.999,60.65827579,0.663655683,7,25,,,,,
54.19722222,89.51333333,TV-78,98,98.999,59.99462011,0.794544185,7,25,,,,,
54.19722222,89.51333333,TV-78,97,97.999,59.20007592,0.794544185,7,25,,,,,
54.19722222,89.51333333,TV-78,96,96.999,58.40553174,0.794544185,7,25,,,,,
54.19722222,89.51333333,TV-78,95,95.999,57.61098755,0.794544185,7,25,,,,,
54.19722222,89.51333333,TV-78,94,94.999,56.81644337,0.864329476,7,25,,,,,
54.19722222,89.51333333,TV-78,93,93.999,55.95211389,0.8831042,7,25,,,,,
54.19722222,89.51333333,TV-78,92,92.999,55.06900969,0.87522455,7,25,,,,,
54.19722222,89.51333333,TV-78,91,91.999,54.19378514,0.820467876,7,25,,,,,
54.19722222,89.51333333,TV-78,90,90.999,53.37331727,0.820467876,7,25,,,,,
54.19722222,89.51333333,TV-78,89,89.999,52.55284939,0.802872233,7,25,,,,,
54.19722222,89.51333333,TV-78,88,88.999,51.74997716,0.619325127,7,25,,,,,
54.19722222,89.51333333,TV-78,87,87.999,51.13065203,0.545393081,7,25,,,,,
54.19722222,89.51333333,TV-78,86,86.999,50.58525895,0.545393081,7,25,,,,,
54.19722222,89.51333333,TV-78,85,85.999,50.03986587,0.350881371,7,25,,,,,
54.19722222,89.51333333,TV-78,84,84.999,49.6889845,0.326446987,7,25,,,,,
54.19722222,89.51333333,TV-78,83,83.999,49.36253751,0.326446987,7,25,,,,,
54.19722222,89.51333333,TV-78,82,82.999,49.03609052,0.326446987,7,25,,,,,
54.19722222,89.51333333,TV-78,81,81.999,48.70964354,0.326446987,7,25,,,,,
54.19722222,89.51333333,TV-78,80,80.999,48.38319655,0.328122198,7,25,,,,,
54.19722222,89.51333333,TV-78,79,79.999,48.05507435,0.379797685,7,25,,,,,
54.19722222,89.51333333,TV-78,78,78.999,47.67527667,0.379797685,7,25,,,,,
54.19722222,89.51333333,TV-78,77,77.999,47.29547898,0.390146228,7,25,,,,,
54.19722222,89.51333333,TV-78,76,76.999,46.90533276,0.415104895,7,25,,,,,
54.19722222,89.51333333,TV-78,75,75.999,46.49022786,0.415104895,7,25,,,,,
54.19722222,89.51333333,TV-78,74,74.999,46.07512297,0.415104895,7,25,,,,,
54.19722222,89.51333333,TV-78,73,73.999,45.66001807,0.432465225,7,25,,,,,
54.19722222,89.51333333,TV-78,72,72.999,45.22755285,0.43928026,7,25,,,,,
54.19722222,89.51333333,TV-78,71,71.999,44.78827258,0.43928026,7,25,,,,,
54.19722222,89.51333333,TV-78,70,70.999,44.34899232,0.43928026,7,25,,,,,
54.19722222,89.51333333,TV-78,69,69.999,43.90971206,0.43928026,7,25,,,,,
54.19722222,89.51333333,TV-78,68,68.999,43.4704318,0.43928026,7,25,,,,,
54.19722222,89.51333333,TV-78,67,67.999,43.03115154,0.43928026,7,25,,,,,
54.19722222,89.51333333,TV-78,66,66.999,42.59187128,0.440462419,7,25,,,,,
54.19722222,89.51333333,TV-78,65,65.999,42.15140886,0.445581745,7,25,,,,,
54.19722222,89.51333333,TV-78,64,64.999,41.70582712,0.445430275,7,25,,,,,
54.19722222,89.51333333,TV-78,63,63.999,41.26039684,0.441965283,7,25,,,,,
54.19722222,89.51333333,TV-78,62,62.999,40.81843156,0.428528088,7,25,,,,,
54.19722222,89.51333333,TV-78,61,61.999,40.38990347,0.428528088,7,25,,,,,
54.19722222,89.51333333,TV-78,60,60.999,39.96137539,0.428528088,7,25,,,,,
54.19722222,89.51333333,TV-78,59,59.999,39.5328473,0.422706048,7,25,,,,,
54.19722222,89.51333333,TV-78,58,58.999,39.11014125,0.37727773,7,25,,,,,
54.19722222,89.51333333,TV-78,57,57.999,38.73286352,0.37727773,7,25,,,,,
54.19722222,89.51333333,TV-78,56,56.999,38.35558579,0.37727773,7,25,,,,,
54.19722222,89.51333333,TV-78,55,55.999,37.97830806,0.323522045,7,25,,,,,
54.19722222,89.51333333,TV-78,54,54.999,37.65478601,0.313495475,7,25,,,,,
54.19722222,89.51333333,TV-78,53,53.999,37.34129054,0.255972066,7,25,,,,,
54.19722222,89.51333333,TV-78,52,52.999,37.08531847,0.247002111,7,25,,,,,
54.19722222,89.51333333,TV-78,51,51.999,36.83831636,0.226349526,7,25,,,,,
54.19722222,89.51333333,TV-78,50,50.999,36.61196684,0.188825814,7,25,,,,,
54.19722222,89.51333333,TV-78,49,49.999,36.42314102,0.168497842,7,25,,,,,
54.19722222,89.51333333,TV-78,48,48.999,36.25464318,0.158997535,7,25,,,,,
54.19722222,89.51333333,TV-78,47,47.999,36.09564565,0.159164844,7,25,,,,,
54.19722222,89.51333333,TV-78,46,46.999,35.9364808,0.159673532,7,25,,,,,
54.19722222,89.51333333,TV-78,45,45.999,35.77680727,0.159673532,7,25,,,,,
54.19722222,89.51333333,TV-78,44,44.999,35.61713374,0.159673532,7,25,,,,,
54.19722222,89.51333333,TV-78,43,43.999,35.4574602,0.193064049,7,25,,,,,
54.19722222,89.51333333,TV-78,42,42.999,35.26439616,0.215669703,7,25,,,,,
54.19722222,89.51333333,TV-78,41,41.999,35.04872645,0.215669703,7,25,,,,,
54.19722222,89.51333333,TV-78,40,40.999,34.83305675,0.252534274,7,25,,,,,
54.19722222,89.51333333,TV-78,39,39.999,34.58052248,0.307463953,7,25,,,,,
54.19722222,89.51333333,TV-78,38,38.999,34.27305852,0.314344549,7,25,,,,,
54.19722222,89.51333333,TV-78,37,37.999,33.95871398,0.465275793,7,25,,,,,
54.19722222,89.51333333,TV-78,36,36.999,33.49343818,0.465275793,7,25,,,,,
54.19722222,89.51333333,TV-78,35,35.999,33.02816239,0.465275793,7,25,,,,,
54.19722222,89.51333333,TV-78,34,34.999,32.5628866,0.465275793,7,25,,,,,
54.19722222,89.51333333,TV-78,33,33.999,32.0976108,0.465275793,7,25,,,,,
54.19722222,89.51333333,TV-78,32,32.999,31.63233501,0.510210539,7,25,,,,,
54.19722222,89.51333333,TV-78,31,31.999,31.12212447,0.521790377,7,25,,,,,
54.19722222,89.51333333,TV-78,30,30.999,30.60033409,0.521790377,7,25,,,,,
54.19722222,89.51333333,TV-78,29,29.999,30.07854372,0.521790377,7,25,,,,,
54.19722222,89.51333333,TV-78,28,28.999,29.55675334,0.521790377,7,25,,,,,
54.19722222,89.51333333,TV-78,27,27.999,29.03496296,0.521790377,7,25,,,,,
54.19722222,89.51333333,TV-78,26,26.999,28.51317259,0.512599044,7,25,,,,,
54.19722222,89.51333333,TV-78,25,25.999,28.00057354,0.454030284,7,25,,,,,
54.19722222,89.51333333,TV-78,24,24.999,27.54654326,0.441927492,7,25,,,,,
54.19722222,89.51333333,TV-78,23,23.999,27.10461577,0.364520838,7,25,,,,,
54.19722222,89.51333333,TV-78,22,22.999,26.74009493,0.311018218,7,25,,,,,
54.19722222,89.51333333,TV-78,21,21.999,26.42907671,0.311018218,7,25,,,,,
54.19722222,89.51333333,TV-78,20,20.999,26.11805849,0.311018218,7,25,,,,,
54.19722222,89.51333333,TV-78,19,19.999,25.80704027,0.311018218,7,25,,,,,
54.19722222,89.51333333,TV-78,18,18.999,25.49602206,0.311018218,7,25,,,,,
54.19722222,89.51333333,TV-78,17,17.999,25.18500384,0.311018218,7,25,,,,,
54.19722222,89.51333333,TV-78,16,16.999,24.87398562,0.311018218,7,25,,,,,
54.19722222,89.51333333,TV-78,15,15.999,24.5629674,0.311018218,7,25,,,,,
54.19722222,89.51333333,TV-78,14,14.999,24.25194918,0.311018218,7,25,,,,,
54.19722222,89.51333333,TV-78,13,13.999,23.94093096,0.311018218,7,25,,,,,
54.19722222,89.51333333,TV-78,12,12.999,23.62991275,0.311018218,7,25,,,,,
54.19722222,89.51333333,TV-78,11,11.999,23.31889453,0.311018218,7,25,,,,,
54.19722222,89.51333333,TV-78,10,10.999,23.00787631,0.311018218,7,25,,,,,
54.19722222,89.51333333,TV-78,9,9.999,22.69685809,#N/A,7,25,,,,,
54.19722222,89.51333333,TV-78,8,8.999,22.38583987,#N/A,7,25,,,,,
54.19722222,89.51333333,TV-78,7,7.999,22.07482166,#N/A,7,25,,,,,
54.19722222,89.51333333,TV-78,6,6.999,21.76380344,#N/A,7,25,,,,,
54.19722222,89.51333333,TV-78,5,5.999,21.45278522,#N/A,7,25,,,,,
54.19722222,89.51333333,TV-78,4,4.999,21.141767,#N/A,7,25,,,,,
54.19722222,89.51333333,TV-78,3,3.999,20.83074878,#N/A,7,25,,,,,
54.19722222,89.51333333,TV-78,2,2.999,20.51973057,#N/A,7,25,,,,,
54.19722222,89.51333333,TV-78,1,1.999,20.20871235,#N/A,7,25,,,,,
54.19722222,89.51333333,TV-78,0,0.999,19.9035,#N/A,7,25,,,,,
54.33555556,89.26166667,TV-82,300,300.999,#N/A,#N/A,7,25,,,,,
54.33555556,89.26166667,TV-82,299,299.999,#N/A,#N/A,7,25,,,,,
54.33555556,89.26166667,TV-82,298,298.999,#N/A,#N/A,7,25,,,,,
54.33555556,89.26166667,TV-82,297,297.999,#N/A,#N/A,7,25,,,,,
54.33555556,89.26166667,TV-82,296,296.999,#N/A,#N/A,7,25,,,,,
54.33555556,89.26166667,TV-82,295,295.999,#N/A,#N/A,7,25,,,,,
54.33555556,89.26166667,TV-82,294,294.999,#N/A,#N/A,7,25,,,,,
54.33555556,89.26166667,TV-82,293,293.999,#N/A,#N/A,7,25,,,,,
54.33555556,89.26166667,TV-82,292,292.999,#N/A,#N/A,7,25,,,,,
54.33555556,89.26166667,TV-82,291,291.999,#N/A,#N/A,7,25,,,,,
54.33555556,89.26166667,TV-82,290,290.999,#N/A,#N/A,7,25,,,,,
54.33555556,89.26166667,TV-82,289,289.999,#N/A,#N/A,7,25,,,,,
54.33555556,89.26166667,TV-82,288,288.999,#N/A,#N/A,7,25,,,,,
54.33555556,89.26166667,TV-82,287,287.999,#N/A,#N/A,7,25,,,,,
54.33555556,89.26166667,TV-82,286,286.999,#N/A,#N/A,7,25,,,,,
54.33555556,89.26166667,TV-82,285,285.999,#N/A,#N/A,7,25,,,,,
54.33555556,89.26166667,TV-82,284,284.999,#N/A,#N/A,7,25,,,,,
54.33555556,89.26166667,TV-82,283,283.999,#N/A,#N/A,7,25,,,,,
54.33555556,89.26166667,TV-82,282,282.999,#N/A,#N/A,7,25,,,,,
54.33555556,89.26166667,TV-82,281,281.999,#N/A,#N/A,7,25,,,,,
54.33555556,89.26166667,TV-82,280,280.999,#N/A,#N/A,7,25,,,,,
54.33555556,89.26166667,TV-82,279,279.999,#N/A,#N/A,7,25,,,,,
54.33555556,89.26166667,TV-82,278,278.999,#N/A,#N/A,7,25,,,,,
54.33555556,89.26166667,TV-82,277,277.999,#N/A,#N/A,7,25,,,,,
54.33555556,89.26166667,TV-82,276,276.999,#N/A,#N/A,7,25,,,,,
54.33555556,89.26166667,TV-82,275,275.999,#N/A,#N/A,7,25,,,,,
54.33555556,89.26166667,TV-82,274,274.999,#N/A,#N/A,7,25,,,,,
54.33555556,89.26166667,TV-82,273,273.999,#N/A,#N/A,7,25,,,,,
54.33555556,89.26166667,TV-82,272,272.999,#N/A,#N/A,7,25,,,,,
54.33555556,89.26166667,TV-82,271,271.999,#N/A,#N/A,7,25,,,,,
54.33555556,89.26166667,TV-82,270,270.999,#N/A,#N/A,7,25,,,,,
54.33555556,89.26166667,TV-82,269,269.999,#N/A,#N/A,7,25,,,,,
54.33555556,89.26166667,TV-82,268,268.999,#N/A,#N/A,7,25,,,,,
54.33555556,89.26166667,TV-82,267,267.999,#N/A,#N/A,7,25,,,,,
54.33555556,89.26166667,TV-82,266,266.999,#N/A,#N/A,7,25,,,,,
54.33555556,89.26166667,TV-82,265,265.999,#N/A,#N/A,7,25,,,,,
54.33555556,89.26166667,TV-82,264,264.999,#N/A,#N/A,7,25,,,,,
54.33555556,89.26166667,TV-82,263,263.999,#N/A,#N/A,7,25,,,,,
54.33555556,89.26166667,TV-82,262,262.999,#N/A,#N/A,7,25,,,,,
54.33555556,89.26166667,TV-82,261,261.999,#N/A,#N/A,7,25,,,,,
54.33555556,89.26166667,TV-82,260,260.999,#N/A,#N/A,7,25,,,,,
54.33555556,89.26166667,TV-82,259,259.999,#N/A,#N/A,7,25,,,,,
54.33555556,89.26166667,TV-82,258,258.999,#N/A,#N/A,7,25,,,,,
54.33555556,89.26166667,TV-82,257,257.999,#N/A,#N/A,7,25,,,,,
54.33555556,89.26166667,TV-82,256,256.999,#N/A,#N/A,7,25,,,,,
54.33555556,89.26166667,TV-82,255,255.999,#N/A,#N/A,7,25,,,,,
54.33555556,89.26166667,TV-82,254,254.999,#N/A,#N/A,7,25,,,,,
54.33555556,89.26166667,TV-82,253,253.999,#N/A,#N/A,7,25,,,,,
54.33555556,89.26166667,TV-82,252,252.999,#N/A,#N/A,7,25,,,,,
54.33555556,89.26166667,TV-82,251,251.999,#N/A,#N/A,7,25,,,,,
54.33555556,89.26166667,TV-82,250,250.999,#N/A,#N/A,7,25,,,,,
54.33555556,89.26166667,TV-82,249,249.999,#N/A,#N/A,7,25,,,,,
54.33555556,89.26166667,TV-82,248,248.999,#N/A,#N/A,7,25,,,,,
54.33555556,89.26166667,TV-82,247,247.999,#N/A,#N/A,7,25,,,,,
54.33555556,89.26166667,TV-82,246,246.999,#N/A,#N/A,7,25,,,,,
54.33555556,89.26166667,TV-82,245,245.999,#N/A,#N/A,7,25,,,,,
54.33555556,89.26166667,TV-82,244,244.999,#N/A,#N/A,7,25,,,,,
54.33555556,89.26166667,TV-82,243,243.999,#N/A,#N/A,7,25,,,,,
54.33555556,89.26166667,TV-82,242,242.999,#N/A,#N/A,7,25,,,,,
54.33555556,89.26166667,TV-82,241,241.999,#N/A,#N/A,7,25,,,,,
54.33555556,89.26166667,TV-82,240,240.999,#N/A,#N/A,7,25,,,,,
54.33555556,89.26166667,TV-82,239,239.999,#N/A,#N/A,7,25,,,,,
54.33555556,89.26166667,TV-82,238,238.999,#N/A,#N/A,7,25,,,,,
54.33555556,89.26166667,TV-82,237,237.999,#N/A,#N/A,7,25,,,,,
54.33555556,89.26166667,TV-82,236,236.999,#N/A,#N/A,7,25,,,,,
54.33555556,89.26166667,TV-82,235,235.999,#N/A,#N/A,7,25,,,,,
54.33555556,89.26166667,TV-82,234,234.999,#N/A,#N/A,7,25,,,,,
54.33555556,89.26166667,TV-82,233,233.999,#N/A,#N/A,7,25,,,,,
54.33555556,89.26166667,TV-82,232,232.999,#N/A,#N/A,7,25,,,,,
54.33555556,89.26166667,TV-82,231,231.999,#N/A,#N/A,7,25,,,,,
54.33555556,89.26166667,TV-82,230,230.999,#N/A,#N/A,7,25,,,,,
54.33555556,89.26166667,TV-82,229,229.999,#N/A,#N/A,7,25,,,,,
54.33555556,89.26166667,TV-82,228,228.999,#N/A,#N/A,7,25,,,,,
54.33555556,89.26166667,TV-82,227,227.999,#N/A,#N/A,7,25,,,,,
54.33555556,89.26166667,TV-82,226,226.999,#N/A,#N/A,7,25,,,,,
54.33555556,89.26166667,TV-82,225,225.999,#N/A,#N/A,7,25,,,,,
54.33555556,89.26166667,TV-82,224,224.999,#N/A,#N/A,7,25,,,,,
54.33555556,89.26166667,TV-82,223,223.999,#N/A,#N/A,7,25,,,,,
54.33555556,89.26166667,TV-82,222,222.999,#N/A,#N/A,7,25,,,,,
54.33555556,89.26166667,TV-82,221,221.999,#N/A,#N/A,7,25,,,,,
54.33555556,89.26166667,TV-82,220,220.999,#N/A,#N/A,7,25,,,,,
54.33555556,89.26166667,TV-82,219,219.999,#N/A,#N/A,7,25,,,,,
54.33555556,89.26166667,TV-82,218,218.999,#N/A,#N/A,7,25,,,,,
54.33555556,89.26166667,TV-82,217,217.999,#N/A,#N/A,7,25,,,,,
54.33555556,89.26166667,TV-82,216,216.999,#N/A,#N/A,7,25,,,,,
54.33555556,89.26166667,TV-82,215,215.999,#N/A,#N/A,7,25,,,,,
54.33555556,89.26166667,TV-82,214,214.999,#N/A,#N/A,7,25,,,,,
54.33555556,89.26166667,TV-82,213,213.999,#N/A,#N/A,7,25,,,,,
54.33555556,89.26166667,TV-82,212,212.999,#N/A,#N/A,7,25,,,,,
54.33555556,89.26166667,TV-82,211,211.999,#N/A,#N/A,7,25,,,,,
54.33555556,89.26166667,TV-82,210,210.999,#N/A,#N/A,7,25,,,,,
54.33555556,89.26166667,TV-82,209,209.999,#N/A,#N/A,7,25,,,,,
54.33555556,89.26166667,TV-82,208,208.999,#N/A,#N/A,7,25,,,,,
54.33555556,89.26166667,TV-82,207,207.999,#N/A,#N/A,7,25,,,,,
54.33555556,89.26166667,TV-82,206,206.999,#N/A,#N/A,7,25,,,,,
54.33555556,89.26166667,TV-82,205,205.999,#N/A,#N/A,7,25,,,,,
54.33555556,89.26166667,TV-82,204,204.999,#N/A,#N/A,7,25,,,,,
54.33555556,89.26166667,TV-82,203,203.999,#N/A,#N/A,7,25,,,,,
54.33555556,89.26166667,TV-82,202,202.999,#N/A,#N/A,7,25,,,,,
54.33555556,89.26166667,TV-82,201,201.999,#N/A,#N/A,7,25,,,,,
54.33555556,89.26166667,TV-82,200,200.999,#N/A,#N/A,7,25,,,,,
54.33555556,89.26166667,TV-82,199,199.999,#N/A,#N/A,7,25,,,,,
54.33555556,89.26166667,TV-82,198,198.999,#N/A,#N/A,7,25,,,,,
54.33555556,89.26166667,TV-82,197,197.999,#N/A,#N/A,7,25,,,,,
54.33555556,89.26166667,TV-82,196,196.999,#N/A,#N/A,7,25,,,,,
54.33555556,89.26166667,TV-82,195,195.999,#N/A,#N/A,7,25,,,,,
54.33555556,89.26166667,TV-82,194,194.999,#N/A,#N/A,7,25,,,,,
54.33555556,89.26166667,TV-82,193,193.999,#N/A,#N/A,7,25,,,,,
54.33555556,89.26166667,TV-82,192,192.999,#N/A,#N/A,7,25,,,,,
54.33555556,89.26166667,TV-82,191,191.999,#N/A,#N/A,7,25,,,,,
54.33555556,89.26166667,TV-82,190,190.999,#N/A,#N/A,7,25,,,,,
54.33555556,89.26166667,TV-82,189,189.999,#N/A,#N/A,7,25,,,,,
54.33555556,89.26166667,TV-82,188,188.999,#N/A,#N/A,7,25,,,,,
54.33555556,89.26166667,TV-82,187,187.999,#N/A,#N/A,7,25,,,,,
54.33555556,89.26166667,TV-82,186,186.999,#N/A,#N/A,7,25,,,,,
54.33555556,89.26166667,TV-82,185,185.999,#N/A,#N/A,7,25,,,,,
54.33555556,89.26166667,TV-82,184,184.999,#N/A,#N/A,7,25,,,,,
54.33555556,89.26166667,TV-82,183,183.999,#N/A,#N/A,7,25,,,,,
54.33555556,89.26166667,TV-82,182,182.999,#N/A,#N/A,7,25,,,,,
54.33555556,89.26166667,TV-82,181,181.999,#N/A,#N/A,7,25,,,,,
54.33555556,89.26166667,TV-82,180,180.999,#N/A,#N/A,7,25,,,,,
54.33555556,89.26166667,TV-82,179,179.999,#N/A,#N/A,7,25,,,,,
54.33555556,89.26166667,TV-82,178,178.999,#N/A,#N/A,7,25,,,,,
54.33555556,89.26166667,TV-82,177,177.999,#N/A,#N/A,7,25,,,,,
54.33555556,89.26166667,TV-82,176,176.999,#N/A,#N/A,7,25,,,,,
54.33555556,89.26166667,TV-82,175,175.999,#N/A,#N/A,7,25,,,,,
54.33555556,89.26166667,TV-82,174,174.999,#N/A,#N/A,7,25,,,,,
54.33555556,89.26166667,TV-82,173,173.999,#N/A,#N/A,7,25,,,,,
54.33555556,89.26166667,TV-82,172,172.999,#N/A,#N/A,7,25,,,,,
54.33555556,89.26166667,TV-82,171,171.999,#N/A,#N/A,7,25,,,,,
54.33555556,89.26166667,TV-82,170,170.999,#N/A,#N/A,7,25,,,,,
54.33555556,89.26166667,TV-82,169,169.999,#N/A,#N/A,7,25,,,,,
54.33555556,89.26166667,TV-82,168,168.999,#N/A,#N/A,7,25,,,,,
54.33555556,89.26166667,TV-82,167,167.999,#N/A,#N/A,7,25,,,,,
54.33555556,89.26166667,TV-82,166,166.999,#N/A,#N/A,7,25,,,,,
54.33555556,89.26166667,TV-82,165,165.999,#N/A,#N/A,7,25,,,,,
54.33555556,89.26166667,TV-82,164,164.999,#N/A,#N/A,7,25,,,,,
54.33555556,89.26166667,TV-82,163,163.999,#N/A,#N/A,7,25,,,,,
54.33555556,89.26166667,TV-82,162,162.999,#N/A,#N/A,7,25,,,,,
54.33555556,89.26166667,TV-82,161,161.999,#N/A,#N/A,7,25,,,,,
54.33555556,89.26166667,TV-82,160,160.999,#N/A,#N/A,7,25,,,,,
54.33555556,89.26166667,TV-82,159,159.999,#N/A,#N/A,7,25,,,,,
54.33555556,89.26166667,TV-82,158,158.999,#N/A,#N/A,7,25,,,,,
54.33555556,89.26166667,TV-82,157,157.999,#N/A,#N/A,7,25,,,,,
54.33555556,89.26166667,TV-82,156,156.999,#N/A,#N/A,7,25,,,,,
54.33555556,89.26166667,TV-82,155,155.999,#N/A,#N/A,7,25,,,,,
54.33555556,89.26166667,TV-82,154,154.999,#N/A,#N/A,7,25,,,,,
54.33555556,89.26166667,TV-82,153,153.999,#N/A,#N/A,7,25,,,,,
54.33555556,89.26166667,TV-82,152,152.999,#N/A,#N/A,7,25,,,,,
54.33555556,89.26166667,TV-82,151,151.999,#N/A,#N/A,7,25,,,,,
54.33555556,89.26166667,TV-82,150,150.999,#N/A,#N/A,7,25,,,,,
54.33555556,89.26166667,TV-82,149,149.999,#N/A,#N/A,7,25,,,,,
54.33555556,89.26166667,TV-82,148,148.999,#N/A,#N/A,7,25,,,,,
54.33555556,89.26166667,TV-82,147,147.999,#N/A,#N/A,7,25,,,,,
54.33555556,89.26166667,TV-82,146,146.999,#N/A,#N/A,7,25,,,,,
54.33555556,89.26166667,TV-82,145,145.999,#N/A,#N/A,7,25,,,,,
54.33555556,89.26166667,TV-82,144,144.999,#N/A,#N/A,7,25,,,,,
54.33555556,89.26166667,TV-82,143,143.999,#N/A,#N/A,7,25,,,,,
54.33555556,89.26166667,TV-82,142,142.999,#N/A,#N/A,7,25,,,,,
54.33555556,89.26166667,TV-82,141,141.999,#N/A,#N/A,7,25,,,,,
54.33555556,89.26166667,TV-82,140,140.999,#N/A,#N/A,7,25,,,,,
54.33555556,89.26166667,TV-82,139,139.999,#N/A,#N/A,7,25,,,,,
54.33555556,89.26166667,TV-82,138,138.999,#N/A,#N/A,7,25,,,,,
54.33555556,89.26166667,TV-82,137,137.999,#N/A,#N/A,7,25,,,,,
54.33555556,89.26166667,TV-82,136,136.999,#N/A,#N/A,7,25,,,,,
54.33555556,89.26166667,TV-82,135,135.999,#N/A,#N/A,7,25,,,,,
54.33555556,89.26166667,TV-82,134,134.999,#N/A,#N/A,7,25,,,,,
54.33555556,89.26166667,TV-82,133,133.999,#N/A,#N/A,7,25,,,,,
54.33555556,89.26166667,TV-82,132,132.999,#N/A,#N/A,7,25,,,,,
54.33555556,89.26166667,TV-82,131,131.999,#N/A,#N/A,7,25,,,,,
54.33555556,89.26166667,TV-82,130,130.999,#N/A,#N/A,7,25,,,,,
54.33555556,89.26166667,TV-82,129,129.999,#N/A,#N/A,7,25,,,,,
54.33555556,89.26166667,TV-82,128,128.999,#N/A,#N/A,7,25,,,,,
54.33555556,89.26166667,TV-82,127,127.999,147.5030584,5.184866118,7,25,,,,,
54.33555556,89.26166667,TV-82,126,126.999,142.3181923,5.184866118,7,25,,,,,
54.33555556,89.26166667,TV-82,125,125.999,137.1333262,5.184866118,7,25,,,,,
54.33555556,89.26166667,TV-82,124,124.999,131.9484601,5.185061726,7,25,,,,,
54.33555556,89.26166667,TV-82,123,123.999,126.7633983,4.591734042,7,25,,,,,
54.33555556,89.26166667,TV-82,122,122.999,122.1716643,4.365091403,7,25,,,,,
54.33555556,89.26166667,TV-82,121,121.999,117.8065729,4.127637027,7,25,,,,,
54.33555556,89.26166667,TV-82,120,120.999,113.6789359,3.280329521,7,25,,,,,
54.33555556,89.26166667,TV-82,119,119.999,110.3986063,3.082618224,7,25,,,,,
54.33555556,89.26166667,TV-82,118,118.999,107.3159881,2.908412109,7,25,,,,,
54.33555556,89.26166667,TV-82,117,117.999,104.407576,2.908412109,7,25,,,,,
54.33555556,89.26166667,TV-82,116,116.999,101.4991639,2.806021696,7,25,,,,,
54.33555556,89.26166667,TV-82,115,115.999,98.69314221,2.766140541,7,25,,,,,
54.33555556,89.26166667,TV-82,114,114.999,95.92700167,2.764003966,7,25,,,,,
54.33555556,89.26166667,TV-82,113,113.999,93.1629977,2.753877307,7,25,,,,,
54.33555556,89.26166667,TV-82,112,112.999,90.4091204,2.753877307,7,25,,,,,
54.33555556,89.26166667,TV-82,111,111.999,87.65524309,2.812558134,7,25,,,,,
54.33555556,89.26166667,TV-82,110,110.999,84.84268496,2.809701713,7,25,,,,,
54.33555556,89.26166667,TV-82,109,109.999,82.03298324,2.378932607,7,25,,,,,
54.33555556,89.26166667,TV-82,108,108.999,79.65405064,0.699907353,7,25,,,,,
54.33555556,89.26166667,TV-82,107,107.999,78.95414328,0.699907353,7,25,,,,,
54.33555556,89.26166667,TV-82,106,106.999,78.25423593,0.699907353,7,25,,,,,
54.33555556,89.26166667,TV-82,105,105.999,77.55432858,0.526355347,7,25,,,,,
54.33555556,89.26166667,TV-82,104,104.999,77.02797323,0.385600387,7,25,,,,,
54.33555556,89.26166667,TV-82,103,103.999,76.64237284,0.385600387,7,25,,,,,
54.33555556,89.26166667,TV-82,102,102.999,76.25677246,0.385600387,7,25,,,,,
54.33555556,89.26166667,TV-82,101,101.999,75.87117207,0.362874905,7,25,,,,,
54.33555556,89.26166667,TV-82,100,100.999,75.50829717,0.357801633,7,25,,,,,
54.33555556,89.26166667,TV-82,99,99.999,75.15049553,0.354505272,7,25,,,,,
54.33555556,89.26166667,TV-82,98,98.999,74.79599026,0.338625592,7,25,,,,,
54.33555556,89.26166667,TV-82,97,97.999,74.45736467,0.313264196,7,25,,,,,
54.33555556,89.26166667,TV-82,96,96.999,74.14410047,0.286215185,7,25,,,,,
54.33555556,89.26166667,TV-82,95,95.999,73.85788529,0.286215185,7,25,,,,,
54.33555556,89.26166667,TV-82,94,94.999,73.5716701,0.286215185,7,25,,,,,
54.33555556,89.26166667,TV-82,93,93.999,73.28545492,0.286215185,7,25,,,,,
54.33555556,89.26166667,TV-82,92,92.999,72.99923973,0.286215185,7,25,,,,,
54.33555556,89.26166667,TV-82,91,91.999,72.71302455,0.286215185,7,25,,,,,
54.33555556,89.26166667,TV-82,90,90.999,72.42680937,0.25319882,7,25,,,,,
54.33555556,89.26166667,TV-82,89,89.999,72.17361054,0.205863848,7,25,,,,,
54.33555556,89.26166667,TV-82,88,88.999,71.9677467,0.153656356,7,25,,,,,
54.33555556,89.26166667,TV-82,87,87.999,71.81409034,0.142312428,7,25,,,,,
54.33555556,89.26166667,TV-82,86,86.999,71.67177791,0.12267698,7,25,,,,,
54.33555556,89.26166667,TV-82,85,85.999,71.54910093,0.077679618,7,25,,,,,
54.33555556,89.26166667,TV-82,84,84.999,71.47142131,0.077679618,7,25,,,,,
54.33555556,89.26166667,TV-82,83,83.999,71.3937417,0.077679618,7,25,,,,,
54.33555556,89.26166667,TV-82,82,82.999,71.31606208,0.10133835,7,25,,,,,
54.33555556,89.26166667,TV-82,81,81.999,71.21472373,0.107029243,7,25,,,,,
54.33555556,89.26166667,TV-82,80,80.999,71.10769448,0.107029243,7,25,,,,,
54.33555556,89.26166667,TV-82,79,79.999,71.00066524,0.187795387,7,25,,,,,
54.33555556,89.26166667,TV-82,78,78.999,70.81286986,0.257459759,7,25,,,,,
54.33555556,89.26166667,TV-82,77,77.999,70.5554101,0.257459759,7,25,,,,,
54.33555556,89.26166667,TV-82,76,76.999,70.29795034,0.257459759,7,25,,,,,
54.33555556,89.26166667,TV-82,75,75.999,70.04049058,0.257459759,7,25,,,,,
54.33555556,89.26166667,TV-82,74,74.999,69.78303082,0.362674068,7,25,,,,,
54.33555556,89.26166667,TV-82,73,73.999,69.42035675,0.443624584,7,25,,,,,
54.33555556,89.26166667,TV-82,72,72.999,68.97673217,0.443624584,7,25,,,,,
54.33555556,89.26166667,TV-82,71,71.999,68.53310759,0.443624584,7,25,,,,,
54.33555556,89.26166667,TV-82,70,70.999,68.089483,0.443624584,7,25,,,,,
54.33555556,89.26166667,TV-82,69,69.999,67.64585842,0.443624584,7,25,,,,,
54.33555556,89.26166667,TV-82,68,68.999,67.20223383,0.493599459,7,25,,,,,
54.33555556,89.26166667,TV-82,67,67.999,66.70863437,0.519138146,7,25,,,,,
54.33555556,89.26166667,TV-82,66,66.999,66.18949623,0.519138146,7,25,,,,,
54.33555556,89.26166667,TV-82,65,65.999,65.67035808,0.519138146,7,25,,,,,
54.33555556,89.26166667,TV-82,64,64.999,65.15121994,0.519138146,7,25,,,,,
54.33555556,89.26166667,TV-82,63,63.999,64.63208179,0.519138146,7,25,,,,,
54.33555556,89.26166667,TV-82,62,62.999,64.11294364,0.519138146,7,25,,,,,
54.33555556,89.26166667,TV-82,61,61.999,63.5938055,0.52233222,7,25,,,,,
54.33555556,89.26166667,TV-82,60,60.999,63.07147328,0.533847981,7,25,,,,,
54.33555556,89.26166667,TV-82,59,59.999,62.5376253,0.533847981,7,25,,,,,
54.33555556,89.26166667,TV-82,58,58.999,62.00377732,0.533847981,7,25,,,,,
54.33555556,89.26166667,TV-82,57,57.999,61.46992933,0.533041477,7,25,,,,,
54.33555556,89.26166667,TV-82,56,56.999,60.93688786,0.520109302,7,25,,,,,
54.33555556,89.26166667,TV-82,55,55.999,60.41677856,0.520109302,7,25,,,,,
54.33555556,89.26166667,TV-82,54,54.999,59.89666925,0.510319223,7,25,,,,,
54.33555556,89.26166667,TV-82,53,53.999,59.38635003,0.497838876,7,25,,,,,
54.33555556,89.26166667,TV-82,52,52.999,58.88851115,0.481962565,7,25,,,,,
54.33555556,89.26166667,TV-82,51,51.999,58.40654859,0.454215999,7,25,,,,,
54.33555556,89.26166667,TV-82,50,50.999,57.95233259,0.440814764,7,25,,,,,
54.33555556,89.26166667,TV-82,49,49.999,57.51151783,0.411472035,7,25,,,,,
54.33555556,89.26166667,TV-82,48,48.999,57.10004579,0.385740588,7,25,,,,,
54.33555556,89.26166667,TV-82,47,47.999,56.7143052,0.352032334,7,25,,,,,
54.33555556,89.26166667,TV-82,46,46.999,56.36227287,0.352032334,7,25,,,,,
54.33555556,89.26166667,TV-82,45,45.999,56.01024053,0.352032334,7,25,,,,,
54.33555556,89.26166667,TV-82,44,44.999,55.6582082,0.338380995,7,25,,,,,
54.33555556,89.26166667,TV-82,43,43.999,55.31982721,0.343645439,7,25,,,,,
54.33555556,89.26166667,TV-82,42,42.999,54.97618177,0.343645439,7,25,,,,,
54.33555556,89.26166667,TV-82,41,41.999,54.63253633,0.348916101,7,25,,,,,
54.33555556,89.26166667,TV-82,40,40.999,54.28362023,0.820592633,7,25,,,,,
54.33555556,89.26166667,TV-82,39,39.999,53.46302759,0.948392424,7,25,,,,,
54.33555556,89.26166667,TV-82,38,38.999,52.51463517,0.948392424,7,25,,,,,
54.33555556,89.26166667,TV-82,37,37.999,51.56624275,0.948392424,7,25,,,,,
54.33555556,89.26166667,TV-82,36,36.999,50.61785032,0.948392424,7,25,,,,,
54.33555556,89.26166667,TV-82,35,35.999,49.6694579,0.948392424,7,25,,,,,
54.33555556,89.26166667,TV-82,34,34.999,48.72106547,0.948392424,7,25,,,,,
54.33555556,89.26166667,TV-82,33,33.999,47.77267305,0.953113588,7,25,,,,,
54.33555556,89.26166667,TV-82,32,32.999,46.81955946,2.297296486,7,25,,,,,
54.33555556,89.26166667,TV-82,31,31.999,44.52226298,2.297296486,7,25,,,,,
54.33555556,89.26166667,TV-82,30,30.999,42.22496649,2.297296486,7,25,,,,,
54.33555556,89.26166667,TV-82,29,29.999,39.92767,2.339891388,7,25,,,,,
54.33555556,89.26166667,TV-82,28,28.999,37.58777862,2.360795147,7,25,,,,,
54.33555556,89.26166667,TV-82,27,27.999,35.22698347,1.635381174,7,25,,,,,
54.33555556,89.26166667,TV-82,26,26.999,33.59160229,0.802091719,7,25,,,,,
54.33555556,89.26166667,TV-82,25,25.999,32.78951058,0.094288639,7,25,,,,,
54.33555556,89.26166667,TV-82,24,24.999,32.69522194,0.094288639,7,25,,,,,
54.33555556,89.26166667,TV-82,23,23.999,32.6009333,0.094288639,7,25,,,,,
54.33555556,89.26166667,TV-82,22,22.999,32.50664466,0.094288639,7,25,,,,,
54.33555556,89.26166667,TV-82,21,21.999,32.41235602,0.140753828,7,25,,,,,
54.33555556,89.26166667,TV-82,20,20.999,32.27160219,0.339374826,7,25,,,,,
54.33555556,89.26166667,TV-82,19,19.999,31.93222737,0.628231467,7,25,,,,,
54.33555556,89.26166667,TV-82,18,18.999,31.3039959,0.628231467,7,25,,,,,
54.33555556,89.26166667,TV-82,17,17.999,30.67576443,0.628231467,7,25,,,,,
54.33555556,89.26166667,TV-82,16,16.999,30.04753297,0.628231467,7,25,,,,,
54.33555556,89.26166667,TV-82,15,15.999,29.4193015,0.628231467,7,25,,,,,
54.33555556,89.26166667,TV-82,14,14.999,28.79107003,0.628231467,7,25,,,,,
54.33555556,89.26166667,TV-82,13,13.999,28.16283857,0.628231467,7,25,,,,,
54.33555556,89.26166667,TV-82,12,12.999,27.5346071,0.628231467,7,25,,,,,
54.33555556,89.26166667,TV-82,11,11.999,26.90637563,0.628231467,7,25,,,,,
54.33555556,89.26166667,TV-82,10,10.999,26.27814417,0.628231467,7,25,,,,,
54.33555556,89.26166667,TV-82,9,9.999,25.6499127,#N/A,7,25,,,,,
54.33555556,89.26166667,TV-82,8,8.999,25.02168123,#N/A,7,25,,,,,
54.33555556,89.26166667,TV-82,7,7.999,24.39344977,#N/A,7,25,,,,,
54.33555556,89.26166667,TV-82,6,6.999,23.7652183,#N/A,7,25,,,,,
54.33555556,89.26166667,TV-82,5,5.999,23.13698683,#N/A,7,25,,,,,
54.33555556,89.26166667,TV-82,4,4.999,22.50875537,#N/A,7,25,,,,,
54.33555556,89.26166667,TV-82,3,3.999,21.8805239,#N/A,7,25,,,,,
54.33555556,89.26166667,TV-82,2,2.999,21.25229243,#N/A,7,25,,,,,
54.33555556,89.26166667,TV-82,1,1.999,20.62406097,#N/A,7,25,,,,,
54.33555556,89.26166667,TV-82,0,0.999,#N/A,#N/A,7,25,,,,,
54.39777778,90.16444444,TV-84,300,300.999,#N/A,#N/A,7,25,,,,,
54.39777778,90.16444444,TV-84,299,299.999,#N/A,#N/A,7,25,,,,,
54.39777778,90.16444444,TV-84,298,298.999,#N/A,#N/A,7,25,,,,,
54.39777778,90.16444444,TV-84,297,297.999,#N/A,#N/A,7,25,,,,,
54.39777778,90.16444444,TV-84,296,296.999,#N/A,#N/A,7,25,,,,,
54.39777778,90.16444444,TV-84,295,295.999,#N/A,#N/A,7,25,,,,,
54.39777778,90.16444444,TV-84,294,294.999,#N/A,#N/A,7,25,,,,,
54.39777778,90.16444444,TV-84,293,293.999,#N/A,#N/A,7,25,,,,,
54.39777778,90.16444444,TV-84,292,292.999,#N/A,#N/A,7,25,,,,,
54.39777778,90.16444444,TV-84,291,291.999,#N/A,#N/A,7,25,,,,,
54.39777778,90.16444444,TV-84,290,290.999,#N/A,#N/A,7,25,,,,,
54.39777778,90.16444444,TV-84,289,289.999,#N/A,#N/A,7,25,,,,,
54.39777778,90.16444444,TV-84,288,288.999,#N/A,#N/A,7,25,,,,,
54.39777778,90.16444444,TV-84,287,287.999,#N/A,#N/A,7,25,,,,,
54.39777778,90.16444444,TV-84,286,286.999,#N/A,#N/A,7,25,,,,,
54.39777778,90.16444444,TV-84,285,285.999,#N/A,#N/A,7,25,,,,,
54.39777778,90.16444444,TV-84,284,284.999,#N/A,#N/A,7,25,,,,,
54.39777778,90.16444444,TV-84,283,283.999,#N/A,#N/A,7,25,,,,,
54.39777778,90.16444444,TV-84,282,282.999,#N/A,#N/A,7,25,,,,,
54.39777778,90.16444444,TV-84,281,281.999,#N/A,#N/A,7,25,,,,,
54.39777778,90.16444444,TV-84,280,280.999,#N/A,#N/A,7,25,,,,,
54.39777778,90.16444444,TV-84,279,279.999,#N/A,#N/A,7,25,,,,,
54.39777778,90.16444444,TV-84,278,278.999,#N/A,#N/A,7,25,,,,,
54.39777778,90.16444444,TV-84,277,277.999,#N/A,#N/A,7,25,,,,,
54.39777778,90.16444444,TV-84,276,276.999,#N/A,#N/A,7,25,,,,,
54.39777778,90.16444444,TV-84,275,275.999,#N/A,#N/A,7,25,,,,,
54.39777778,90.16444444,TV-84,274,274.999,#N/A,#N/A,7,25,,,,,
54.39777778,90.16444444,TV-84,273,273.999,#N/A,#N/A,7,25,,,,,
54.39777778,90.16444444,TV-84,272,272.999,#N/A,#N/A,7,25,,,,,
54.39777778,90.16444444,TV-84,271,271.999,#N/A,#N/A,7,25,,,,,
54.39777778,90.16444444,TV-84,270,270.999,#N/A,#N/A,7,25,,,,,
54.39777778,90.16444444,TV-84,269,269.999,#N/A,#N/A,7,25,,,,,
54.39777778,90.16444444,TV-84,268,268.999,#N/A,#N/A,7,25,,,,,
54.39777778,90.16444444,TV-84,267,267.999,#N/A,#N/A,7,25,,,,,
54.39777778,90.16444444,TV-84,266,266.999,#N/A,#N/A,7,25,,,,,
54.39777778,90.16444444,TV-84,265,265.999,#N/A,#N/A,7,25,,,,,
54.39777778,90.16444444,TV-84,264,264.999,#N/A,#N/A,7,25,,,,,
54.39777778,90.16444444,TV-84,263,263.999,#N/A,#N/A,7,25,,,,,
54.39777778,90.16444444,TV-84,262,262.999,#N/A,#N/A,7,25,,,,,
54.39777778,90.16444444,TV-84,261,261.999,#N/A,#N/A,7,25,,,,,
54.39777778,90.16444444,TV-84,260,260.999,#N/A,#N/A,7,25,,,,,
54.39777778,90.16444444,TV-84,259,259.999,#N/A,#N/A,7,25,,,,,
54.39777778,90.16444444,TV-84,258,258.999,#N/A,#N/A,7,25,,,,,
54.39777778,90.16444444,TV-84,257,257.999,#N/A,#N/A,7,25,,,,,
54.39777778,90.16444444,TV-84,256,256.999,#N/A,#N/A,7,25,,,,,
54.39777778,90.16444444,TV-84,255,255.999,#N/A,#N/A,7,25,,,,,
54.39777778,90.16444444,TV-84,254,254.999,#N/A,#N/A,7,25,,,,,
54.39777778,90.16444444,TV-84,253,253.999,#N/A,#N/A,7,25,,,,,
54.39777778,90.16444444,TV-84,252,252.999,#N/A,#N/A,7,25,,,,,
54.39777778,90.16444444,TV-84,251,251.999,#N/A,#N/A,7,25,,,,,
54.39777778,90.16444444,TV-84,250,250.999,#N/A,#N/A,7,25,,,,,
54.39777778,90.16444444,TV-84,249,249.999,#N/A,#N/A,7,25,,,,,
54.39777778,90.16444444,TV-84,248,248.999,#N/A,#N/A,7,25,,,,,
54.39777778,90.16444444,TV-84,247,247.999,#N/A,#N/A,7,25,,,,,
54.39777778,90.16444444,TV-84,246,246.999,#N/A,#N/A,7,25,,,,,
54.39777778,90.16444444,TV-84,245,245.999,#N/A,#N/A,7,25,,,,,
54.39777778,90.16444444,TV-84,244,244.999,#N/A,#N/A,7,25,,,,,
54.39777778,90.16444444,TV-84,243,243.999,#N/A,#N/A,7,25,,,,,
54.39777778,90.16444444,TV-84,242,242.999,#N/A,#N/A,7,25,,,,,
54.39777778,90.16444444,TV-84,241,241.999,#N/A,#N/A,7,25,,,,,
54.39777778,90.16444444,TV-84,240,240.999,#N/A,#N/A,7,25,,,,,
54.39777778,90.16444444,TV-84,239,239.999,#N/A,#N/A,7,25,,,,,
54.39777778,90.16444444,TV-84,238,238.999,#N/A,#N/A,7,25,,,,,
54.39777778,90.16444444,TV-84,237,237.999,#N/A,#N/A,7,25,,,,,
54.39777778,90.16444444,TV-84,236,236.999,#N/A,#N/A,7,25,,,,,
54.39777778,90.16444444,TV-84,235,235.999,#N/A,#N/A,7,25,,,,,
54.39777778,90.16444444,TV-84,234,234.999,#N/A,#N/A,7,25,,,,,
54.39777778,90.16444444,TV-84,233,233.999,#N/A,#N/A,7,25,,,,,
54.39777778,90.16444444,TV-84,232,232.999,#N/A,#N/A,7,25,,,,,
54.39777778,90.16444444,TV-84,231,231.999,#N/A,#N/A,7,25,,,,,
54.39777778,90.16444444,TV-84,230,230.999,#N/A,#N/A,7,25,,,,,
54.39777778,90.16444444,TV-84,229,229.999,#N/A,#N/A,7,25,,,,,
54.39777778,90.16444444,TV-84,228,228.999,#N/A,#N/A,7,25,,,,,
54.39777778,90.16444444,TV-84,227,227.999,#N/A,#N/A,7,25,,,,,
54.39777778,90.16444444,TV-84,226,226.999,#N/A,#N/A,7,25,,,,,
54.39777778,90.16444444,TV-84,225,225.999,#N/A,#N/A,7,25,,,,,
54.39777778,90.16444444,TV-84,224,224.999,#N/A,#N/A,7,25,,,,,
54.39777778,90.16444444,TV-84,223,223.999,#N/A,#N/A,7,25,,,,,
54.39777778,90.16444444,TV-84,222,222.999,#N/A,#N/A,7,25,,,,,
54.39777778,90.16444444,TV-84,221,221.999,#N/A,#N/A,7,25,,,,,
54.39777778,90.16444444,TV-84,220,220.999,#N/A,#N/A,7,25,,,,,
54.39777778,90.16444444,TV-84,219,219.999,#N/A,#N/A,7,25,,,,,
54.39777778,90.16444444,TV-84,218,218.999,#N/A,#N/A,7,25,,,,,
54.39777778,90.16444444,TV-84,217,217.999,#N/A,#N/A,7,25,,,,,
54.39777778,90.16444444,TV-84,216,216.999,#N/A,#N/A,7,25,,,,,
54.39777778,90.16444444,TV-84,215,215.999,#N/A,#N/A,7,25,,,,,
54.39777778,90.16444444,TV-84,214,214.999,#N/A,#N/A,7,25,,,,,
54.39777778,90.16444444,TV-84,213,213.999,#N/A,#N/A,7,25,,,,,
54.39777778,90.16444444,TV-84,212,212.999,#N/A,#N/A,7,25,,,,,
54.39777778,90.16444444,TV-84,211,211.999,#N/A,#N/A,7,25,,,,,
54.39777778,90.16444444,TV-84,210,210.999,#N/A,#N/A,7,25,,,,,
54.39777778,90.16444444,TV-84,209,209.999,#N/A,#N/A,7,25,,,,,
54.39777778,90.16444444,TV-84,208,208.999,#N/A,#N/A,7,25,,,,,
54.39777778,90.16444444,TV-84,207,207.999,#N/A,#N/A,7,25,,,,,
54.39777778,90.16444444,TV-84,206,206.999,#N/A,#N/A,7,25,,,,,
54.39777778,90.16444444,TV-84,205,205.999,#N/A,#N/A,7,25,,,,,
54.39777778,90.16444444,TV-84,204,204.999,#N/A,#N/A,7,25,,,,,
54.39777778,90.16444444,TV-84,203,203.999,#N/A,#N/A,7,25,,,,,
54.39777778,90.16444444,TV-84,202,202.999,#N/A,#N/A,7,25,,,,,
54.39777778,90.16444444,TV-84,201,201.999,#N/A,#N/A,7,25,,,,,
54.39777778,90.16444444,TV-84,200,200.999,#N/A,#N/A,7,25,,,,,
54.39777778,90.16444444,TV-84,199,199.999,#N/A,#N/A,7,25,,,,,
54.39777778,90.16444444,TV-84,198,198.999,#N/A,#N/A,7,25,,,,,
54.39777778,90.16444444,TV-84,197,197.999,#N/A,#N/A,7,25,,,,,
54.39777778,90.16444444,TV-84,196,196.999,#N/A,#N/A,7,25,,,,,
54.39777778,90.16444444,TV-84,195,195.999,#N/A,#N/A,7,25,,,,,
54.39777778,90.16444444,TV-84,194,194.999,#N/A,#N/A,7,25,,,,,
54.39777778,90.16444444,TV-84,193,193.999,#N/A,#N/A,7,25,,,,,
54.39777778,90.16444444,TV-84,192,192.999,#N/A,#N/A,7,25,,,,,
54.39777778,90.16444444,TV-84,191,191.999,#N/A,#N/A,7,25,,,,,
54.39777778,90.16444444,TV-84,190,190.999,#N/A,#N/A,7,25,,,,,
54.39777778,90.16444444,TV-84,189,189.999,#N/A,#N/A,7,25,,,,,
54.39777778,90.16444444,TV-84,188,188.999,#N/A,#N/A,7,25,,,,,
54.39777778,90.16444444,TV-84,187,187.999,#N/A,#N/A,7,25,,,,,
54.39777778,90.16444444,TV-84,186,186.999,#N/A,#N/A,7,25,,,,,
54.39777778,90.16444444,TV-84,185,185.999,#N/A,#N/A,7,25,,,,,
54.39777778,90.16444444,TV-84,184,184.999,#N/A,#N/A,7,25,,,,,
54.39777778,90.16444444,TV-84,183,183.999,#N/A,#N/A,7,25,,,,,
54.39777778,90.16444444,TV-84,182,182.999,#N/A,#N/A,7,25,,,,,
54.39777778,90.16444444,TV-84,181,181.999,#N/A,#N/A,7,25,,,,,
54.39777778,90.16444444,TV-84,180,180.999,#N/A,#N/A,7,25,,,,,
54.39777778,90.16444444,TV-84,179,179.999,#N/A,#N/A,7,25,,,,,
54.39777778,90.16444444,TV-84,178,178.999,#N/A,#N/A,7,25,,,,,
54.39777778,90.16444444,TV-84,177,177.999,#N/A,#N/A,7,25,,,,,
54.39777778,90.16444444,TV-84,176,176.999,#N/A,#N/A,7,25,,,,,
54.39777778,90.16444444,TV-84,175,175.999,#N/A,#N/A,7,25,,,,,
54.39777778,90.16444444,TV-84,174,174.999,#N/A,#N/A,7,25,,,,,
54.39777778,90.16444444,TV-84,173,173.999,#N/A,#N/A,7,25,,,,,
54.39777778,90.16444444,TV-84,172,172.999,#N/A,#N/A,7,25,,,,,
54.39777778,90.16444444,TV-84,171,171.999,#N/A,#N/A,7,25,,,,,
54.39777778,90.16444444,TV-84,170,170.999,#N/A,#N/A,7,25,,,,,
54.39777778,90.16444444,TV-84,169,169.999,#N/A,#N/A,7,25,,,,,
54.39777778,90.16444444,TV-84,168,168.999,#N/A,#N/A,7,25,,,,,
54.39777778,90.16444444,TV-84,167,167.999,#N/A,#N/A,7,25,,,,,
54.39777778,90.16444444,TV-84,166,166.999,#N/A,#N/A,7,25,,,,,
54.39777778,90.16444444,TV-84,165,165.999,#N/A,#N/A,7,25,,,,,
54.39777778,90.16444444,TV-84,164,164.999,#N/A,#N/A,7,25,,,,,
54.39777778,90.16444444,TV-84,163,163.999,#N/A,#N/A,7,25,,,,,
54.39777778,90.16444444,TV-84,162,162.999,#N/A,#N/A,7,25,,,,,
54.39777778,90.16444444,TV-84,161,161.999,#N/A,#N/A,7,25,,,,,
54.39777778,90.16444444,TV-84,160,160.999,#N/A,#N/A,7,25,,,,,
54.39777778,90.16444444,TV-84,159,159.999,#N/A,#N/A,7,25,,,,,
54.39777778,90.16444444,TV-84,158,158.999,#N/A,#N/A,7,25,,,,,
54.39777778,90.16444444,TV-84,157,157.999,#N/A,#N/A,7,25,,,,,
54.39777778,90.16444444,TV-84,156,156.999,#N/A,#N/A,7,25,,,,,
54.39777778,90.16444444,TV-84,155,155.999,#N/A,#N/A,7,25,,,,,
54.39777778,90.16444444,TV-84,154,154.999,#N/A,#N/A,7,25,,,,,
54.39777778,90.16444444,TV-84,153,153.999,#N/A,#N/A,7,25,,,,,
54.39777778,90.16444444,TV-84,152,152.999,#N/A,#N/A,7,25,,,,,
54.39777778,90.16444444,TV-84,151,151.999,#N/A,#N/A,7,25,,,,,
54.39777778,90.16444444,TV-84,150,150.999,125.1409018,1.051341174,7,25,,,,,
54.39777778,90.16444444,TV-84,149,149.999,124.0895606,1.051341174,7,25,,,,,
54.39777778,90.16444444,TV-84,148,148.999,123.0382194,1.051341174,7,25,,,,,
54.39777778,90.16444444,TV-84,147,147.999,121.9868782,1.051341174,7,25,,,,,
54.39777778,90.16444444,TV-84,146,146.999,120.9355371,1.050076802,7,25,,,,,
54.39777778,90.16444444,TV-84,145,145.999,119.8854603,1.046926468,7,25,,,,,
54.39777778,90.16444444,TV-84,144,144.999,118.8385338,1.046926468,7,25,,,,,
54.39777778,90.16444444,TV-84,143,143.999,117.7916073,1.046926468,7,25,,,,,
54.39777778,90.16444444,TV-84,142,142.999,116.7446809,1.046926468,7,25,,,,,
54.39777778,90.16444444,TV-84,141,141.999,115.6977544,1.046926468,7,25,,,,,
54.39777778,90.16444444,TV-84,140,140.999,114.6508279,1.046926468,7,25,,,,,
54.39777778,90.16444444,TV-84,139,139.999,113.6039015,1.046926468,7,25,,,,,
54.39777778,90.16444444,TV-84,138,138.999,112.556975,1.046214487,7,25,,,,,
54.39777778,90.16444444,TV-84,137,137.999,111.5107605,1.022204916,7,25,,,,,
54.39777778,90.16444444,TV-84,136,136.999,110.4885556,1.022204916,7,25,,,,,
54.39777778,90.16444444,TV-84,135,135.999,109.4663507,1.022204916,7,25,,,,,
54.39777778,90.16444444,TV-84,134,134.999,108.4441458,1.022204916,7,25,,,,,
54.39777778,90.16444444,TV-84,133,133.999,107.4219408,1.022204916,7,25,,,,,
54.39777778,90.16444444,TV-84,132,132.999,106.3997359,1.022204916,7,25,,,,,
54.39777778,90.16444444,TV-84,131,131.999,105.377531,1.022204916,7,25,,,,,
54.39777778,90.16444444,TV-84,130,130.999,104.3553261,1.022204916,7,25,,,,,
54.39777778,90.16444444,TV-84,129,129.999,103.3331212,1.022204916,7,25,,,,,
54.39777778,90.16444444,TV-84,128,128.999,102.3109163,1.022204916,7,25,,,,,
54.39777778,90.16444444,TV-84,127,127.999,101.2887113,0.981034385,7,25,,,,,
54.39777778,90.16444444,TV-84,126,126.999,100.307677,0.964340996,7,25,,,,,
54.39777778,90.16444444,TV-84,125,125.999,99.34333596,0.90694506,7,25,,,,,
54.39777778,90.16444444,TV-84,124,124.999,98.4363909,0.898094533,7,25,,,,,
54.39777778,90.16444444,TV-84,123,123.999,97.53829636,0.898094533,7,25,,,,,
54.39777778,90.16444444,TV-84,122,122.999,96.64020183,0.832351237,7,25,,,,,
54.39777778,90.16444444,TV-84,121,121.999,95.80785059,0.824720319,7,25,,,,,
54.39777778,90.16444444,TV-84,120,120.999,94.98313028,0.846796627,7,25,,,,,
54.39777778,90.16444444,TV-84,119,119.999,94.13633365,0.904640605,7,25,,,,,
54.39777778,90.16444444,TV-84,118,118.999,93.23169304,0.923755208,7,25,,,,,
54.39777778,90.16444444,TV-84,117,117.999,92.30793784,0.923755208,7,25,,,,,
54.39777778,90.16444444,TV-84,116,116.999,91.38418263,0.923755208,7,25,,,,,
54.39777778,90.16444444,TV-84,115,115.999,90.46042742,0.923755208,7,25,,,,,
54.39777778,90.16444444,TV-84,114,114.999,89.53667221,0.863509717,7,25,,,,,
54.39777778,90.16444444,TV-84,113,113.999,88.6731625,0.766538373,7,25,,,,,
54.39777778,90.16444444,TV-84,112,112.999,87.90662412,0.766538373,7,25,,,,,
54.39777778,90.16444444,TV-84,111,111.999,87.14008575,0.715090791,7,25,,,,,
54.39777778,90.16444444,TV-84,110,110.999,86.42499496,0.616676496,7,25,,,,,
54.39777778,90.16444444,TV-84,109,109.999,85.80831846,0.616676496,7,25,,,,,
54.39777778,90.16444444,TV-84,108,108.999,85.19164197,0.616676496,7,25,,,,,
54.39777778,90.16444444,TV-84,107,107.999,84.57496547,0.543910274,7,25,,,,,
54.39777778,90.16444444,TV-84,106,106.999,84.0310552,0.489191737,7,25,,,,,
54.39777778,90.16444444,TV-84,105,105.999,83.54186346,0.428944057,7,25,,,,,
54.39777778,90.16444444,TV-84,104,104.999,83.1129194,0.420274218,7,25,,,,,
54.39777778,90.16444444,TV-84,103,103.999,82.69264519,0.420274218,7,25,,,,,
54.39777778,90.16444444,TV-84,102,102.999,82.27237097,0.415533898,7,25,,,,,
54.39777778,90.16444444,TV-84,101,101.999,81.85683707,0.352748296,7,25,,,,,
54.39777778,90.16444444,TV-84,100,100.999,81.50408877,0.352748296,7,25,,,,,
54.39777778,90.16444444,TV-84,99,99.999,81.15134048,0.352748296,7,25,,,,,
54.39777778,90.16444444,TV-84,98,98.999,80.79859218,0.352748296,7,25,,,,,
54.39777778,90.16444444,TV-84,97,97.999,80.44584389,0.341131702,7,25,,,,,
54.39777778,90.16444444,TV-84,96,96.999,80.10471218,0.326018904,7,25,,,,,
54.39777778,90.16444444,TV-84,95,95.999,79.77869328,0.326018904,7,25,,,,,
54.39777778,90.16444444,TV-84,94,94.999,79.45267438,0.326018904,7,25,,,,,
54.39777778,90.16444444,TV-84,93,93.999,79.12665547,0.326018904,7,25,,,,,
54.39777778,90.16444444,TV-84,92,92.999,78.80063657,0.326018904,7,25,,,,,
54.39777778,90.16444444,TV-84,91,91.999,78.47461767,0.326018904,7,25,,,,,
54.39777778,90.16444444,TV-84,90,90.999,78.14859876,0.348907519,7,25,,,,,
54.39777778,90.16444444,TV-84,89,89.999,77.79969124,0.353995344,7,25,,,,,
54.39777778,90.16444444,TV-84,88,88.999,77.4456959,0.390295851,7,25,,,,,
54.39777778,90.16444444,TV-84,87,87.999,77.05540005,0.48096375,7,25,,,,,
54.39777778,90.16444444,TV-84,86,86.999,76.5744363,0.493750668,7,25,,,,,
54.39777778,90.16444444,TV-84,85,85.999,76.08068563,0.500403301,7,25,,,,,
54.39777778,90.16444444,TV-84,84,84.999,75.58028233,0.61786697,7,25,,,,,
54.39777778,90.16444444,TV-84,83,83.999,74.96241536,0.61786697,7,25,,,,,
54.39777778,90.16444444,TV-84,82,82.999,74.34454839,0.61786697,7,25,,,,,
54.39777778,90.16444444,TV-84,81,81.999,73.72668142,0.553210076,7,25,,,,,
54.39777778,90.16444444,TV-84,80,80.999,73.17347135,0.428997673,7,25,,,,,
54.39777778,90.16444444,TV-84,79,79.999,72.74447367,0.389417513,7,25,,,,,
54.39777778,90.16444444,TV-84,78,78.999,72.35505616,0.389417513,7,25,,,,,
54.39777778,90.16444444,TV-84,77,77.999,71.96563865,0.335379704,7,25,,,,,
54.39777778,90.16444444,TV-84,76,76.999,71.63025894,0.261414619,7,25,,,,,
54.39777778,90.16444444,TV-84,75,75.999,71.36884432,0.261330604,7,25,,,,,
54.39777778,90.16444444,TV-84,74,74.999,71.10751372,0.23376112,7,25,,,,,
54.39777778,90.16444444,TV-84,73,73.999,70.8737526,0.211682695,7,25,,,,,
54.39777778,90.16444444,TV-84,72,72.999,70.6620699,0.211682695,7,25,,,,,
54.39777778,90.16444444,TV-84,71,71.999,70.45038721,0.211682695,7,25,,,,,
54.39777778,90.16444444,TV-84,70,70.999,70.23870451,0.211682695,7,25,,,,,
54.39777778,90.16444444,TV-84,69,69.999,70.02702182,0.211682695,7,25,,,,,
54.39777778,90.16444444,TV-84,68,68.999,69.81533912,0.211682695,7,25,,,,,
54.39777778,90.16444444,TV-84,67,67.999,69.60365643,0.202300119,7,25,,,,,
54.39777778,90.16444444,TV-84,66,66.999,69.40135631,0.201723481,7,25,,,,,
54.39777778,90.16444444,TV-84,65,65.999,69.19963283,0.201723481,7,25,,,,,
54.39777778,90.16444444,TV-84,64,64.999,68.99790935,0.201723481,7,25,,,,,
54.39777778,90.16444444,TV-84,63,63.999,68.79618587,0.201723481,7,25,,,,,
54.39777778,90.16444444,TV-84,62,62.999,68.59446239,0.201723481,7,25,,,,,
54.39777778,90.16444444,TV-84,61,61.999,68.39273891,0.201723481,7,25,,,,,
54.39777778,90.16444444,TV-84,60,60.999,68.19101542,0.201723481,7,25,,,,,
54.39777778,90.16444444,TV-84,59,59.999,67.98929194,0.213296558,7,25,,,,,
54.39777778,90.16444444,TV-84,58,58.999,67.77599539,0.245984056,7,25,,,,,
54.39777778,90.16444444,TV-84,57,57.999,67.53001133,0.284849321,7,25,,,,,
54.39777778,90.16444444,TV-84,56,56.999,67.24516201,0.514667461,7,25,,,,,
54.39777778,90.16444444,TV-84,55,55.999,66.73049455,0.557566404,7,25,,,,,
54.39777778,90.16444444,TV-84,54,54.999,66.17292814,0.557566404,7,25,,,,,
54.39777778,90.16444444,TV-84,53,53.999,65.61536174,0.557566404,7,25,,,,,
54.39777778,90.16444444,TV-84,52,52.999,65.05779534,0.782805208,7,25,,,,,
54.39777778,90.16444444,TV-84,51,51.999,64.27499013,0.675423311,7,25,,,,,
54.39777778,90.16444444,TV-84,50,50.999,63.59956682,0.60544868,7,25,,,,,
54.39777778,90.16444444,TV-84,49,49.999,62.99411814,0.60544868,7,25,,,,,
54.39777778,90.16444444,TV-84,48,48.999,62.38866946,0.60544868,7,25,,,,,
54.39777778,90.16444444,TV-84,47,47.999,61.78322078,0.610966724,7,25,,,,,
54.39777778,90.16444444,TV-84,46,46.999,61.17225406,0.63791189,7,25,,,,,
54.39777778,90.16444444,TV-84,45,45.999,60.53434217,0.709388319,7,25,,,,,
54.39777778,90.16444444,TV-84,44,44.999,59.82495385,0.709388319,7,25,,,,,
54.39777778,90.16444444,TV-84,43,43.999,59.11556553,0.709388319,7,25,,,,,
54.39777778,90.16444444,TV-84,42,42.999,58.40617721,0.709388319,7,25,,,,,
54.39777778,90.16444444,TV-84,41,41.999,57.69678889,0.812502266,7,25,,,,,
54.39777778,90.16444444,TV-84,40,40.999,56.88428662,0.875380532,7,25,,,,,
54.39777778,90.16444444,TV-84,39,39.999,56.00890609,0.94303659,7,25,,,,,
54.39777778,90.16444444,TV-84,38,38.999,55.0658695,0.94303659,7,25,,,,,
54.39777778,90.16444444,TV-84,37,37.999,54.12283291,0.951594071,7,25,,,,,
54.39777778,90.16444444,TV-84,36,36.999,53.17123884,1.044669383,7,25,,,,,
54.39777778,90.16444444,TV-84,35,35.999,52.12656946,1.044669383,7,25,,,,,
54.39777778,90.16444444,TV-84,34,34.999,51.08190007,1.044669383,7,25,,,,,
54.39777778,90.16444444,TV-84,33,33.999,50.03723069,1.044669383,7,25,,,,,
54.39777778,90.16444444,TV-84,32,32.999,48.99256131,1.050683101,7,25,,,,,
54.39777778,90.16444444,TV-84,31,31.999,47.94187821,1.060843987,7,25,,,,,
54.39777778,90.16444444,TV-84,30,30.999,46.88103422,1.060843987,7,25,,,,,
54.39777778,90.16444444,TV-84,29,29.999,45.82019023,1.060843987,7,25,,,,,
54.39777778,90.16444444,TV-84,28,28.999,44.75934624,1.057820363,7,25,,,,,
54.39777778,90.16444444,TV-84,27,27.999,43.70152588,1.005057551,7,25,,,,,
54.39777778,90.16444444,TV-84,26,26.999,42.69646833,0.897257755,7,25,,,,,
54.39777778,90.16444444,TV-84,25,25.999,41.79921057,0.821601208,7,25,,,,,
54.39777778,90.16444444,TV-84,24,24.999,40.97760937,0.821601208,7,25,,,,,
54.39777778,90.16444444,TV-84,23,23.999,40.15600816,0.821601208,7,25,,,,,
54.39777778,90.16444444,TV-84,22,22.999,39.33440695,0.821601208,7,25,,,,,
54.39777778,90.16444444,TV-84,21,21.999,38.51280574,0.821601208,7,25,,,,,
54.39777778,90.16444444,TV-84,20,20.999,37.69120453,0.821601208,7,25,,,,,
54.39777778,90.16444444,TV-84,19,19.999,36.86960332,0.821601208,7,25,,,,,
54.39777778,90.16444444,TV-84,18,18.999,36.04800211,0.821601208,7,25,,,,,
54.39777778,90.16444444,TV-84,17,17.999,35.22640091,0.824326225,7,25,,,,,
54.39777778,90.16444444,TV-84,16,16.999,34.40207468,0.839982465,7,25,,,,,
54.39777778,90.16444444,TV-84,15,15.999,33.56209222,0.878599219,7,25,,,,,
54.39777778,90.16444444,TV-84,14,14.999,32.683493,0.947780455,7,25,,,,,
54.39777778,90.16444444,TV-84,13,13.999,31.73571254,0.947780455,7,25,,,,,
54.39777778,90.16444444,TV-84,12,12.999,30.78793209,0.947780455,7,25,,,,,
54.39777778,90.16444444,TV-84,11,11.999,29.84015163,0.947780455,7,25,,,,,
54.39777778,90.16444444,TV-84,10,10.999,28.89237118,0.947780455,7,25,,,,,
54.39777778,90.16444444,TV-84,9,9.999,27.94459072,#N/A,7,25,,,,,
54.39777778,90.16444444,TV-84,8,8.999,26.99681027,#N/A,7,25,,,,,
54.39777778,90.16444444,TV-84,7,7.999,26.04902981,#N/A,7,25,,,,,
54.39777778,90.16444444,TV-84,6,6.999,25.10124936,#N/A,7,25,,,,,
54.39777778,90.16444444,TV-84,5,5.999,24.1534689,#N/A,7,25,,,,,
54.39777778,90.16444444,TV-84,4,4.999,23.20568845,#N/A,7,25,,,,,
54.39777778,90.16444444,TV-84,3,3.999,22.25790799,#N/A,7,25,,,,,
54.39777778,90.16444444,TV-84,2,2.999,21.31012754,#N/A,7,25,,,,,
54.39777778,90.16444444,TV-84,1,1.999,20.36234708,#N/A,7,25,,,,,
54.39777778,90.16444444,TV-84,0,0.999,#N/A,#N/A,7,25,,,,,
54.39833333,90.13055556,TV-85,300,300.999,#N/A,#N/A,7,25,,,,,
54.39833333,90.13055556,TV-85,299,299.999,#N/A,#N/A,7,25,,,,,
54.39833333,90.13055556,TV-85,298,298.999,#N/A,#N/A,7,25,,,,,
54.39833333,90.13055556,TV-85,297,297.999,#N/A,#N/A,7,25,,,,,
54.39833333,90.13055556,TV-85,296,296.999,#N/A,#N/A,7,25,,,,,
54.39833333,90.13055556,TV-85,295,295.999,#N/A,#N/A,7,25,,,,,
54.39833333,90.13055556,TV-85,294,294.999,#N/A,#N/A,7,25,,,,,
54.39833333,90.13055556,TV-85,293,293.999,#N/A,#N/A,7,25,,,,,
54.39833333,90.13055556,TV-85,292,292.999,#N/A,#N/A,7,25,,,,,
54.39833333,90.13055556,TV-85,291,291.999,#N/A,#N/A,7,25,,,,,
54.39833333,90.13055556,TV-85,290,290.999,#N/A,#N/A,7,25,,,,,
54.39833333,90.13055556,TV-85,289,289.999,#N/A,#N/A,7,25,,,,,
54.39833333,90.13055556,TV-85,288,288.999,#N/A,#N/A,7,25,,,,,
54.39833333,90.13055556,TV-85,287,287.999,#N/A,#N/A,7,25,,,,,
54.39833333,90.13055556,TV-85,286,286.999,#N/A,#N/A,7,25,,,,,
54.39833333,90.13055556,TV-85,285,285.999,#N/A,#N/A,7,25,,,,,
54.39833333,90.13055556,TV-85,284,284.999,#N/A,#N/A,7,25,,,,,
54.39833333,90.13055556,TV-85,283,283.999,#N/A,#N/A,7,25,,,,,
54.39833333,90.13055556,TV-85,282,282.999,#N/A,#N/A,7,25,,,,,
54.39833333,90.13055556,TV-85,281,281.999,#N/A,#N/A,7,25,,,,,
54.39833333,90.13055556,TV-85,280,280.999,#N/A,#N/A,7,25,,,,,
54.39833333,90.13055556,TV-85,279,279.999,#N/A,#N/A,7,25,,,,,
54.39833333,90.13055556,TV-85,278,278.999,#N/A,#N/A,7,25,,,,,
54.39833333,90.13055556,TV-85,277,277.999,#N/A,#N/A,7,25,,,,,
54.39833333,90.13055556,TV-85,276,276.999,#N/A,#N/A,7,25,,,,,
54.39833333,90.13055556,TV-85,275,275.999,#N/A,#N/A,7,25,,,,,
54.39833333,90.13055556,TV-85,274,274.999,#N/A,#N/A,7,25,,,,,
54.39833333,90.13055556,TV-85,273,273.999,#N/A,#N/A,7,25,,,,,
54.39833333,90.13055556,TV-85,272,272.999,#N/A,#N/A,7,25,,,,,
54.39833333,90.13055556,TV-85,271,271.999,#N/A,#N/A,7,25,,,,,
54.39833333,90.13055556,TV-85,270,270.999,#N/A,#N/A,7,25,,,,,
54.39833333,90.13055556,TV-85,269,269.999,#N/A,#N/A,7,25,,,,,
54.39833333,90.13055556,TV-85,268,268.999,#N/A,#N/A,7,25,,,,,
54.39833333,90.13055556,TV-85,267,267.999,#N/A,#N/A,7,25,,,,,
54.39833333,90.13055556,TV-85,266,266.999,#N/A,#N/A,7,25,,,,,
54.39833333,90.13055556,TV-85,265,265.999,#N/A,#N/A,7,25,,,,,
54.39833333,90.13055556,TV-85,264,264.999,#N/A,#N/A,7,25,,,,,
54.39833333,90.13055556,TV-85,263,263.999,#N/A,#N/A,7,25,,,,,
54.39833333,90.13055556,TV-85,262,262.999,#N/A,#N/A,7,25,,,,,
54.39833333,90.13055556,TV-85,261,261.999,#N/A,#N/A,7,25,,,,,
54.39833333,90.13055556,TV-85,260,260.999,#N/A,#N/A,7,25,,,,,
54.39833333,90.13055556,TV-85,259,259.999,#N/A,#N/A,7,25,,,,,
54.39833333,90.13055556,TV-85,258,258.999,#N/A,#N/A,7,25,,,,,
54.39833333,90.13055556,TV-85,257,257.999,#N/A,#N/A,7,25,,,,,
54.39833333,90.13055556,TV-85,256,256.999,#N/A,#N/A,7,25,,,,,
54.39833333,90.13055556,TV-85,255,255.999,#N/A,#N/A,7,25,,,,,
54.39833333,90.13055556,TV-85,254,254.999,#N/A,#N/A,7,25,,,,,
54.39833333,90.13055556,TV-85,253,253.999,#N/A,#N/A,7,25,,,,,
54.39833333,90.13055556,TV-85,252,252.999,#N/A,#N/A,7,25,,,,,
54.39833333,90.13055556,TV-85,251,251.999,#N/A,#N/A,7,25,,,,,
54.39833333,90.13055556,TV-85,250,250.999,#N/A,#N/A,7,25,,,,,
54.39833333,90.13055556,TV-85,249,249.999,#N/A,#N/A,7,25,,,,,
54.39833333,90.13055556,TV-85,248,248.999,#N/A,#N/A,7,25,,,,,
54.39833333,90.13055556,TV-85,247,247.999,#N/A,#N/A,7,25,,,,,
54.39833333,90.13055556,TV-85,246,246.999,#N/A,#N/A,7,25,,,,,
54.39833333,90.13055556,TV-85,245,245.999,#N/A,#N/A,7,25,,,,,
54.39833333,90.13055556,TV-85,244,244.999,#N/A,#N/A,7,25,,,,,
54.39833333,90.13055556,TV-85,243,243.999,#N/A,#N/A,7,25,,,,,
54.39833333,90.13055556,TV-85,242,242.999,#N/A,#N/A,7,25,,,,,
54.39833333,90.13055556,TV-85,241,241.999,#N/A,#N/A,7,25,,,,,
54.39833333,90.13055556,TV-85,240,240.999,#N/A,#N/A,7,25,,,,,
54.39833333,90.13055556,TV-85,239,239.999,#N/A,#N/A,7,25,,,,,
54.39833333,90.13055556,TV-85,238,238.999,#N/A,#N/A,7,25,,,,,
54.39833333,90.13055556,TV-85,237,237.999,#N/A,#N/A,7,25,,,,,
54.39833333,90.13055556,TV-85,236,236.999,#N/A,#N/A,7,25,,,,,
54.39833333,90.13055556,TV-85,235,235.999,#N/A,#N/A,7,25,,,,,
54.39833333,90.13055556,TV-85,234,234.999,#N/A,#N/A,7,25,,,,,
54.39833333,90.13055556,TV-85,233,233.999,#N/A,#N/A,7,25,,,,,
54.39833333,90.13055556,TV-85,232,232.999,#N/A,#N/A,7,25,,,,,
54.39833333,90.13055556,TV-85,231,231.999,#N/A,#N/A,7,25,,,,,
54.39833333,90.13055556,TV-85,230,230.999,#N/A,#N/A,7,25,,,,,
54.39833333,90.13055556,TV-85,229,229.999,#N/A,#N/A,7,25,,,,,
54.39833333,90.13055556,TV-85,228,228.999,#N/A,#N/A,7,25,,,,,
54.39833333,90.13055556,TV-85,227,227.999,#N/A,#N/A,7,25,,,,,
54.39833333,90.13055556,TV-85,226,226.999,#N/A,#N/A,7,25,,,,,
54.39833333,90.13055556,TV-85,225,225.999,#N/A,#N/A,7,25,,,,,
54.39833333,90.13055556,TV-85,224,224.999,#N/A,#N/A,7,25,,,,,
54.39833333,90.13055556,TV-85,223,223.999,#N/A,#N/A,7,25,,,,,
54.39833333,90.13055556,TV-85,222,222.999,#N/A,#N/A,7,25,,,,,
54.39833333,90.13055556,TV-85,221,221.999,#N/A,#N/A,7,25,,,,,
54.39833333,90.13055556,TV-85,220,220.999,#N/A,#N/A,7,25,,,,,
54.39833333,90.13055556,TV-85,219,219.999,#N/A,#N/A,7,25,,,,,
54.39833333,90.13055556,TV-85,218,218.999,#N/A,#N/A,7,25,,,,,
54.39833333,90.13055556,TV-85,217,217.999,#N/A,#N/A,7,25,,,,,
54.39833333,90.13055556,TV-85,216,216.999,#N/A,#N/A,7,25,,,,,
54.39833333,90.13055556,TV-85,215,215.999,#N/A,#N/A,7,25,,,,,
54.39833333,90.13055556,TV-85,214,214.999,#N/A,#N/A,7,25,,,,,
54.39833333,90.13055556,TV-85,213,213.999,#N/A,#N/A,7,25,,,,,
54.39833333,90.13055556,TV-85,212,212.999,#N/A,#N/A,7,25,,,,,
54.39833333,90.13055556,TV-85,211,211.999,#N/A,#N/A,7,25,,,,,
54.39833333,90.13055556,TV-85,210,210.999,#N/A,#N/A,7,25,,,,,
54.39833333,90.13055556,TV-85,209,209.999,#N/A,#N/A,7,25,,,,,
54.39833333,90.13055556,TV-85,208,208.999,#N/A,#N/A,7,25,,,,,
54.39833333,90.13055556,TV-85,207,207.999,#N/A,#N/A,7,25,,,,,
54.39833333,90.13055556,TV-85,206,206.999,#N/A,#N/A,7,25,,,,,
54.39833333,90.13055556,TV-85,205,205.999,#N/A,#N/A,7,25,,,,,
54.39833333,90.13055556,TV-85,204,204.999,#N/A,#N/A,7,25,,,,,
54.39833333,90.13055556,TV-85,203,203.999,#N/A,#N/A,7,25,,,,,
54.39833333,90.13055556,TV-85,202,202.999,#N/A,#N/A,7,25,,,,,
54.39833333,90.13055556,TV-85,201,201.999,#N/A,#N/A,7,25,,,,,
54.39833333,90.13055556,TV-85,200,200.999,#N/A,#N/A,7,25,,,,,
54.39833333,90.13055556,TV-85,199,199.999,#N/A,#N/A,7,25,,,,,
54.39833333,90.13055556,TV-85,198,198.999,#N/A,#N/A,7,25,,,,,
54.39833333,90.13055556,TV-85,197,197.999,#N/A,#N/A,7,25,,,,,
54.39833333,90.13055556,TV-85,196,196.999,#N/A,#N/A,7,25,,,,,
54.39833333,90.13055556,TV-85,195,195.999,#N/A,#N/A,7,25,,,,,
54.39833333,90.13055556,TV-85,194,194.999,#N/A,#N/A,7,25,,,,,
54.39833333,90.13055556,TV-85,193,193.999,#N/A,#N/A,7,25,,,,,
54.39833333,90.13055556,TV-85,192,192.999,#N/A,#N/A,7,25,,,,,
54.39833333,90.13055556,TV-85,191,191.999,#N/A,#N/A,7,25,,,,,
54.39833333,90.13055556,TV-85,190,190.999,#N/A,#N/A,7,25,,,,,
54.39833333,90.13055556,TV-85,189,189.999,#N/A,#N/A,7,25,,,,,
54.39833333,90.13055556,TV-85,188,188.999,#N/A,#N/A,7,25,,,,,
54.39833333,90.13055556,TV-85,187,187.999,#N/A,#N/A,7,25,,,,,
54.39833333,90.13055556,TV-85,186,186.999,#N/A,#N/A,7,25,,,,,
54.39833333,90.13055556,TV-85,185,185.999,#N/A,#N/A,7,25,,,,,
54.39833333,90.13055556,TV-85,184,184.999,#N/A,#N/A,7,25,,,,,
54.39833333,90.13055556,TV-85,183,183.999,#N/A,#N/A,7,25,,,,,
54.39833333,90.13055556,TV-85,182,182.999,#N/A,#N/A,7,25,,,,,
54.39833333,90.13055556,TV-85,181,181.999,#N/A,#N/A,7,25,,,,,
54.39833333,90.13055556,TV-85,180,180.999,#N/A,#N/A,7,25,,,,,
54.39833333,90.13055556,TV-85,179,179.999,#N/A,#N/A,7,25,,,,,
54.39833333,90.13055556,TV-85,178,178.999,#N/A,#N/A,7,25,,,,,
54.39833333,90.13055556,TV-85,177,177.999,#N/A,#N/A,7,25,,,,,
54.39833333,90.13055556,TV-85,176,176.999,#N/A,#N/A,7,25,,,,,
54.39833333,90.13055556,TV-85,175,175.999,#N/A,#N/A,7,25,,,,,
54.39833333,90.13055556,TV-85,174,174.999,#N/A,#N/A,7,25,,,,,
54.39833333,90.13055556,TV-85,173,173.999,#N/A,#N/A,7,25,,,,,
54.39833333,90.13055556,TV-85,172,172.999,#N/A,#N/A,7,25,,,,,
54.39833333,90.13055556,TV-85,171,171.999,#N/A,#N/A,7,25,,,,,
54.39833333,90.13055556,TV-85,170,170.999,#N/A,#N/A,7,25,,,,,
54.39833333,90.13055556,TV-85,169,169.999,#N/A,#N/A,7,25,,,,,
54.39833333,90.13055556,TV-85,168,168.999,#N/A,#N/A,7,25,,,,,
54.39833333,90.13055556,TV-85,167,167.999,#N/A,#N/A,7,25,,,,,
54.39833333,90.13055556,TV-85,166,166.999,#N/A,#N/A,7,25,,,,,
54.39833333,90.13055556,TV-85,165,165.999,#N/A,#N/A,7,25,,,,,
54.39833333,90.13055556,TV-85,164,164.999,#N/A,#N/A,7,25,,,,,
54.39833333,90.13055556,TV-85,163,163.999,#N/A,#N/A,7,25,,,,,
54.39833333,90.13055556,TV-85,162,162.999,#N/A,#N/A,7,25,,,,,
54.39833333,90.13055556,TV-85,161,161.999,#N/A,#N/A,7,25,,,,,
54.39833333,90.13055556,TV-85,160,160.999,#N/A,#N/A,7,25,,,,,
54.39833333,90.13055556,TV-85,159,159.999,#N/A,#N/A,7,25,,,,,
54.39833333,90.13055556,TV-85,158,158.999,#N/A,#N/A,7,25,,,,,
54.39833333,90.13055556,TV-85,157,157.999,#N/A,#N/A,7,25,,,,,
54.39833333,90.13055556,TV-85,156,156.999,#N/A,#N/A,7,25,,,,,
54.39833333,90.13055556,TV-85,155,155.999,#N/A,#N/A,7,25,,,,,
54.39833333,90.13055556,TV-85,154,154.999,#N/A,#N/A,7,25,,,,,
54.39833333,90.13055556,TV-85,153,153.999,#N/A,#N/A,7,25,,,,,
54.39833333,90.13055556,TV-85,152,152.999,#N/A,#N/A,7,25,,,,,
54.39833333,90.13055556,TV-85,151,151.999,#N/A,#N/A,7,25,,,,,
54.39833333,90.13055556,TV-85,150,150.999,147.2400207,0.862621142,7,25,,,,,
54.39833333,90.13055556,TV-85,149,149.999,146.3773995,0.862925186,7,25,,,,,
54.39833333,90.13055556,TV-85,148,148.999,145.5144744,0.862925186,7,25,,,,,
54.39833333,90.13055556,TV-85,147,147.999,144.6515492,0.862925186,7,25,,,,,
54.39833333,90.13055556,TV-85,146,146.999,143.788624,0.870344685,7,25,,,,,
54.39833333,90.13055556,TV-85,145,145.999,142.9182793,0.886743804,7,25,,,,,
54.39833333,90.13055556,TV-85,144,144.999,142.0315355,0.886743804,7,25,,,,,
54.39833333,90.13055556,TV-85,143,143.999,141.1447917,0.886743804,7,25,,,,,
54.39833333,90.13055556,TV-85,142,142.999,140.2580479,0.886743804,7,25,,,,,
54.39833333,90.13055556,TV-85,141,141.999,139.3713041,0.886743804,7,25,,,,,
54.39833333,90.13055556,TV-85,140,140.999,138.4845603,0.886743804,7,25,,,,,
54.39833333,90.13055556,TV-85,139,139.999,137.5978165,0.886743804,7,25,,,,,
54.39833333,90.13055556,TV-85,138,138.999,136.7110727,0.886743804,7,25,,,,,
54.39833333,90.13055556,TV-85,137,137.999,135.8243289,0.886743804,7,25,,,,,
54.39833333,90.13055556,TV-85,136,136.999,134.9375851,0.886743804,7,25,,,,,
54.39833333,90.13055556,TV-85,135,135.999,134.0508413,0.886743804,7,25,,,,,
54.39833333,90.13055556,TV-85,134,134.999,133.1640975,0.886743804,7,25,,,,,
54.39833333,90.13055556,TV-85,133,133.999,132.2773537,0.886743804,7,25,,,,,
54.39833333,90.13055556,TV-85,132,132.999,131.3906098,0.886743804,7,25,,,,,
54.39833333,90.13055556,TV-85,131,131.999,130.503866,0.886743804,7,25,,,,,
54.39833333,90.13055556,TV-85,130,130.999,129.6171222,0.886743804,7,25,,,,,
54.39833333,90.13055556,TV-85,129,129.999,128.7303784,0.895698722,7,25,,,,,
54.39833333,90.13055556,TV-85,128,128.999,127.8346797,0.955574839,7,25,,,,,
54.39833333,90.13055556,TV-85,127,127.999,126.8791049,0.955574839,7,25,,,,,
54.39833333,90.13055556,TV-85,126,126.999,125.92353,0.955574839,7,25,,,,,
54.39833333,90.13055556,TV-85,125,125.999,124.9679552,0.955574839,7,25,,,,,
54.39833333,90.13055556,TV-85,124,124.999,124.0123804,1.020997776,7,25,,,,,
54.39833333,90.13055556,TV-85,123,123.999,122.9913826,1.116993386,7,25,,,,,
54.39833333,90.13055556,TV-85,122,122.999,121.8743892,1.116993386,7,25,,,,,
54.39833333,90.13055556,TV-85,121,121.999,120.7573958,1.116993386,7,25,,,,,
54.39833333,90.13055556,TV-85,120,120.999,119.6404024,1.116993386,7,25,,,,,
54.39833333,90.13055556,TV-85,119,119.999,118.523409,1.116993386,7,25,,,,,
54.39833333,90.13055556,TV-85,118,118.999,117.4064157,1.116993386,7,25,,,,,
54.39833333,90.13055556,TV-85,117,117.999,116.2894223,1.116993386,7,25,,,,,
54.39833333,90.13055556,TV-85,116,116.999,115.1724289,1.379128222,7,25,,,,,
54.39833333,90.13055556,TV-85,115,115.999,113.7933007,1.596209435,7,25,,,,,
54.39833333,90.13055556,TV-85,114,114.999,112.1970912,1.684713638,7,25,,,,,
54.39833333,90.13055556,TV-85,113,113.999,110.5123776,1.776395143,7,25,,,,,
54.39833333,90.13055556,TV-85,112,112.999,108.7359824,2.354810132,7,25,,,,,
54.39833333,90.13055556,TV-85,111,111.999,106.3811723,2.354810132,7,25,,,,,
54.39833333,90.13055556,TV-85,110,110.999,104.0263622,2.824564117,7,25,,,,,
54.39833333,90.13055556,TV-85,109,109.999,101.2017981,3.165289747,7,25,,,,,
54.39833333,90.13055556,TV-85,108,108.999,98.03650832,3.836732911,7,25,,,,,
54.39833333,90.13055556,TV-85,107,107.999,94.1997754,3.935334738,7,25,,,,,
54.39833333,90.13055556,TV-85,106,106.999,90.26444067,3.935334738,7,25,,,,,
54.39833333,90.13055556,TV-85,105,105.999,86.32910593,3.799136191,7,25,,,,,
54.39833333,90.13055556,TV-85,104,104.999,82.52996974,3.508223684,7,25,,,,,
54.39833333,90.13055556,TV-85,103,103.999,79.02174605,3.092591235,7,25,,,,,
54.39833333,90.13055556,TV-85,102,102.999,75.92915482,1.84999168,7,25,,,,,
54.39833333,90.13055556,TV-85,101,101.999,74.07916314,0.725965133,7,25,,,,,
54.39833333,90.13055556,TV-85,100,100.999,73.35319801,0.725965133,7,25,,,,,
54.39833333,90.13055556,TV-85,99,99.999,72.62723287,0.725965133,7,25,,,,,
54.39833333,90.13055556,TV-85,98,98.999,71.90126774,0.38567149,7,25,,,,,
54.39833333,90.13055556,TV-85,97,97.999,71.51559625,0.26681758,7,25,,,,,
54.39833333,90.13055556,TV-85,96,96.999,71.24877867,0.26681758,7,25,,,,,
54.39833333,90.13055556,TV-85,95,95.999,70.98196109,0.337801761,7,25,,,,,
54.39833333,90.13055556,TV-85,94,94.999,70.64415933,0.358777913,7,25,,,,,
54.39833333,90.13055556,TV-85,93,93.999,70.28538142,0.420270954,7,25,,,,,
54.39833333,90.13055556,TV-85,92,92.999,69.86511046,0.456184916,7,25,,,,,
54.39833333,90.13055556,TV-85,91,91.999,69.40892555,0.456184916,7,25,,,,,
54.39833333,90.13055556,TV-85,90,90.999,68.95274063,0.456184916,7,25,,,,,
54.39833333,90.13055556,TV-85,89,89.999,68.49655571,0.456184916,7,25,,,,,
54.39833333,90.13055556,TV-85,88,88.999,68.0403708,0.456184916,7,25,,,,,
54.39833333,90.13055556,TV-85,87,87.999,67.58418588,0.456184916,7,25,,,,,
54.39833333,90.13055556,TV-85,86,86.999,67.12800097,0.473556788,7,25,,,,,
54.39833333,90.13055556,TV-85,85,85.999,66.65444418,0.490523466,7,25,,,,,
54.39833333,90.13055556,TV-85,84,84.999,66.16392071,0.490523466,7,25,,,,,
54.39833333,90.13055556,TV-85,83,83.999,65.67339725,0.492603687,7,25,,,,,
54.39833333,90.13055556,TV-85,82,82.999,65.18079356,0.492993229,7,25,,,,,
54.39833333,90.13055556,TV-85,81,81.999,64.68780033,0.492258591,7,25,,,,,
54.39833333,90.13055556,TV-85,80,80.999,64.19554174,0.490995297,7,25,,,,,
54.39833333,90.13055556,TV-85,79,79.999,63.70454644,0.489758918,7,25,,,,,
54.39833333,90.13055556,TV-85,78,78.999,63.21478752,0.488298654,7,25,,,,,
54.39833333,90.13055556,TV-85,77,77.999,62.72648887,0.486321451,7,25,,,,,
54.39833333,90.13055556,TV-85,76,76.999,62.24016742,0.484780373,7,25,,,,,
54.39833333,90.13055556,TV-85,75,75.999,61.75538705,0.484045074,7,25,,,,,
54.39833333,90.13055556,TV-85,74,74.999,61.27134197,0.484045074,7,25,,,,,
54.39833333,90.13055556,TV-85,73,73.999,60.7872969,0.484045074,7,25,,,,,
54.39833333,90.13055556,TV-85,72,72.999,60.30325182,0.485273437,7,25,,,,,
54.39833333,90.13055556,TV-85,71,71.999,59.81797839,0.488492442,7,25,,,,,
54.39833333,90.13055556,TV-85,70,70.999,59.32948595,0.488492442,7,25,,,,,
54.39833333,90.13055556,TV-85,69,69.999,58.8409935,0.488492442,7,25,,,,,
54.39833333,90.13055556,TV-85,68,68.999,58.35250106,0.488492442,7,25,,,,,
54.39833333,90.13055556,TV-85,67,67.999,57.86400862,0.500435892,7,25,,,,,
54.39833333,90.13055556,TV-85,66,66.999,57.36357273,0.502214237,7,25,,,,,
54.39833333,90.13055556,TV-85,65,65.999,56.86135849,0.502214237,7,25,,,,,
54.39833333,90.13055556,TV-85,64,64.999,56.35914425,0.502214237,7,25,,,,,
54.39833333,90.13055556,TV-85,63,63.999,55.85693002,0.526064967,7,25,,,,,
54.39833333,90.13055556,TV-85,62,62.999,55.33086505,0.528175628,7,25,,,,,
54.39833333,90.13055556,TV-85,61,61.999,54.80268942,0.528175628,7,25,,,,,
54.39833333,90.13055556,TV-85,60,60.999,54.27451379,0.547751623,7,25,,,,,
54.39833333,90.13055556,TV-85,59,59.999,53.72676217,0.566447368,7,25,,,,,
54.39833333,90.13055556,TV-85,58,58.999,53.1603148,0.599360948,7,25,,,,,
54.39833333,90.13055556,TV-85,57,57.999,52.56095385,0.627910636,7,25,,,,,
54.39833333,90.13055556,TV-85,56,56.999,51.93304322,0.741974732,7,25,,,,,
54.39833333,90.13055556,TV-85,55,55.999,51.19106849,0.809339133,7,25,,,,,
54.39833333,90.13055556,TV-85,54,54.999,50.38172935,1.455471499,7,25,,,,,
54.39833333,90.13055556,TV-85,53,53.999,48.92625785,1.705997981,7,25,,,,,
54.39833333,90.13055556,TV-85,52,52.999,47.22025987,1.190134225,7,25,,,,,
54.39833333,90.13055556,TV-85,51,51.999,46.03012565,0.726251139,7,25,,,,,
54.39833333,90.13055556,TV-85,50,50.999,45.30387451,0.607427347,7,25,,,,,
54.39833333,90.13055556,TV-85,49,49.999,44.69644716,0.534803434,7,25,,,,,
54.39833333,90.13055556,TV-85,48,48.999,44.16164373,0.534803434,7,25,,,,,
54.39833333,90.13055556,TV-85,47,47.999,43.62684029,0.534803434,7,25,,,,,
54.39833333,90.13055556,TV-85,46,46.999,43.09203686,0.534803434,7,25,,,,,
54.39833333,90.13055556,TV-85,45,45.999,42.55723343,0.529694258,7,25,,,,,
54.39833333,90.13055556,TV-85,44,44.999,42.02753917,0.468792203,7,25,,,,,
54.39833333,90.13055556,TV-85,43,43.999,41.55874697,0.452140572,7,25,,,,,
54.39833333,90.13055556,TV-85,42,42.999,41.10660639,0.452140572,7,25,,,,,
54.39833333,90.13055556,TV-85,41,41.999,40.65446582,0.452140572,7,25,,,,,
54.39833333,90.13055556,TV-85,40,40.999,40.20232525,0.452140572,7,25,,,,,
54.39833333,90.13055556,TV-85,39,39.999,39.75018468,0.43954438,7,25,,,,,
54.39833333,90.13055556,TV-85,38,38.999,39.3106403,0.434134563,7,25,,,,,
54.39833333,90.13055556,TV-85,37,37.999,38.87650573,0.434134563,7,25,,,,,
54.39833333,90.13055556,TV-85,36,36.999,38.44237117,0.434134563,7,25,,,,,
54.39833333,90.13055556,TV-85,35,35.999,38.00823661,0.434134563,7,25,,,,,
54.39833333,90.13055556,TV-85,34,34.999,37.57410205,0.447112267,7,25,,,,,
54.39833333,90.13055556,TV-85,33,33.999,37.12698978,0.455986229,7,25,,,,,
54.39833333,90.13055556,TV-85,32,32.999,36.67100355,0.591907252,7,25,,,,,
54.39833333,90.13055556,TV-85,31,31.999,36.0790963,0.605481414,7,25,,,,,
54.39833333,90.13055556,TV-85,30,30.999,35.47361488,0.969102013,7,25,,,,,
54.39833333,90.13055556,TV-85,29,29.999,34.50451287,1.898847978,7,25,,,,,
54.39833333,90.13055556,TV-85,28,28.999,32.60566489,0.802503147,7,25,,,,,
54.39833333,90.13055556,TV-85,27,27.999,31.80316175,0.668692057,7,25,,,,,
54.39833333,90.13055556,TV-85,26,26.999,31.13446969,0.593612972,7,25,,,,,
54.39833333,90.13055556,TV-85,25,25.999,30.54085672,0.524866115,7,25,,,,,
54.39833333,90.13055556,TV-85,24,24.999,30.0159906,0.471195928,7,25,,,,,
54.39833333,90.13055556,TV-85,23,23.999,29.54479467,0.471195928,7,25,,,,,
54.39833333,90.13055556,TV-85,22,22.999,29.07359874,0.471195928,7,25,,,,,
54.39833333,90.13055556,TV-85,21,21.999,28.60240282,0.471195928,7,25,,,,,
54.39833333,90.13055556,TV-85,20,20.999,28.13120689,0.471195928,7,25,,,,,
54.39833333,90.13055556,TV-85,19,19.999,27.66001096,0.471195928,7,25,,,,,
54.39833333,90.13055556,TV-85,18,18.999,27.18881503,0.471195928,7,25,,,,,
54.39833333,90.13055556,TV-85,17,17.999,26.71761911,0.471195928,7,25,,,,,
54.39833333,90.13055556,TV-85,16,16.999,26.24642318,0.471195928,7,25,,,,,
54.39833333,90.13055556,TV-85,15,15.999,25.77522725,0.471195928,7,25,,,,,
54.39833333,90.13055556,TV-85,14,14.999,25.30403132,0.471195928,7,25,,,,,
54.39833333,90.13055556,TV-85,13,13.999,24.83283539,0.471195928,7,25,,,,,
54.39833333,90.13055556,TV-85,12,12.999,24.36163947,0.443805523,7,25,,,,,
54.39833333,90.13055556,TV-85,11,11.999,23.91783394,0.435647057,7,25,,,,,
54.39833333,90.13055556,TV-85,10,10.999,23.48218689,0.435647057,7,25,,,,,
54.39833333,90.13055556,TV-85,9,9.999,23.04653983,#N/A,7,25,,,,,
54.39833333,90.13055556,TV-85,8,8.999,22.61089277,#N/A,7,25,,,,,
54.39833333,90.13055556,TV-85,7,7.999,22.17524572,#N/A,7,25,,,,,
54.39833333,90.13055556,TV-85,6,6.999,21.73959866,#N/A,7,25,,,,,
54.39833333,90.13055556,TV-85,5,5.999,21.3039516,#N/A,7,25,,,,,
54.39833333,90.13055556,TV-85,4,4.999,20.86830455,#N/A,7,25,,,,,
54.39833333,90.13055556,TV-85,3,3.999,20.43265749,#N/A,7,25,,,,,
54.39833333,90.13055556,TV-85,2,2.999,19.99701043,#N/A,7,25,,,,,
54.39833333,90.13055556,TV-85,1,1.999,19.56136337,#N/A,7,25,,,,,
54.39833333,90.13055556,TV-85,0,0.999,19.12613134,#N/A,7,25,,,,,